Ad?,Company Name,Stars,Phone Number,Yelp URL,Company URL,Email,Street Address,City,State,ZIPNatural,20/10 Vision Care Optometry,4.5,(626) 296-8416,http://yelp.com/biz/20-10-vision-care-optometry-altadena,http://2010visioncare.com/,,2212 N Lincoln Ave,Altadena,CA,91001Natural,20/20 Optometric Eye Care,4.5,(661) 287-3939,http://yelp.com/biz/20-20-optometric-eye-care-valencia,http://www.scveyes.com/,,23300 Cinema DrSte 210,Valencia,CA,91355Natural,Acacio Fertility Center,4.5,(949) 249-9200,http://yelp.com/biz/acacio-fertility-center-laguna-niguel-2,http://www.acaciofertility.com,,27882 Forbes RdSte 200,Laguna Niguel,CA,92677Natural,AcuVision Family Optometry,5,(562) 696-1883,http://yelp.com/biz/acuvision-family-optometry-whittier,http://www.acuvisioneye.com,,8522 S Painter Ave,Whittier,CA,90602Natural,Advance Vision Optometric Center,5,(626) 458-2020,http://yelp.com/biz/advance-vision-optometric-center-monterey-park,http://www.myadvancevision.com,,500 N Atlantic BlvdSte 151,Monterey Park,CA,91754Natural,Advanced Eyecare Center of Manhattan Beach,4.5,(310) 321-6990,http://yelp.com/biz/advanced-eyecare-center-of-manhattan-beach-el-segundo,http://www.advancedeyecarecenter.net,,2101 Rosecrans AveSte 1215,El Segundo,CA,90245Natural,Advanced Eyecare Center of Redondo Beach,5,(310) 373-3191,http://yelp.com/biz/advanced-eyecare-center-of-redondo-beach-redondo-beach,http://www.advancedeyecarecenter.net,,310 Ave I,Redondo Beach,CA,90277Natural,Advanced Eyecare Optometric Center,5,(949) 733-3390,http://yelp.com/biz/advanced-eyecare-optometric-center-irvine,http://www.AdvancedEyecareOC.com/,,22 OdysseySte 150,Irvine,CA,92618Natural,Advanced Family Vision Optometry,4.5,(805) 523-3440,http://yelp.com/biz/advanced-family-vision-optometry-moorpark,http://www.moorparkvisioncenter.com,info@moorparkvisioncenter.com,766 Los Angeles AveSte D3,Moorpark,CA,93021Natural,Advanced Optometrics,4.5,(805) 379-1555,http://yelp.com/biz/advanced-optometrics-westlake-village,http://www.advancedoptometrics.com,,1014 S Westlake BlvdSte 10,Westlake Village,CA,91361Natural,Advanced Vision Care,4,(310) 229-1220,http://yelp.com/biz/advanced-vision-care-los-angeles,http://www.advancedvisioncare.com,Contact Form,2080 Century Park ESte 911,Los Angeles,CA,90067Natural,Affordable Family Vision Center,5,(909) 624-3024,http://yelp.com/biz/affordable-family-vision-center-montclair,http://affordablefamilyvision.com/,,5153 Holt BlvdSte A6,Montclair,CA,91763Natural,Agoura Family Optometry,5,(818) 865-2020,http://yelp.com/biz/agoura-family-optometry-agoura-hills,http://agourafamilyoptometry.com,Contact Form,5849 Kanan Rd,Agoura Hills,CA,91301Natural,Agoura West Valley Optometric Center,4,(818) 340-5796,http://yelp.com/biz/agoura-west-valley-optometric-center-canoga-park-3,http://valleyeyedoctors.com,agoffice@valleyeyedoctors.com,6800 Owensmouth AveSte 400,Canoga Park,CA,91303Natural,Akamine Davidson Sandra OD,4.5,(951) 784-2420,http://yelp.com/biz/sandra-akamine-davidson-od-riverside-4,http://www.drakaminedavidson.com,DrSDavidson@gmail.com,4515 Central Ave,Riverside,CA,92506Natural,"Alan I Mandelberg, MD Inc",5,(818) 762-0647,http://yelp.com/biz/alan-i-mandelberg-md-inc-north-hollywood,http://www.acvci.com/,2020@acvci.com,4418 Vineland AveSte 106,North Hollywood,CA,91602Natural,"Alan M Berg, MD",4,(818) 501-3937,http://yelp.com/biz/alan-m-berg-md-sherman-oaks,http://www.bergfeinfield.com,Contact Form,13320 Riverside DrSte 114,Sherman Oaks,CA,91423Natural,"Alex C Liu, OD",5,(909) 468-4622,http://yelp.com/biz/alex-c-liu-od-rowland-heights,http://www.alexcorbinliu.com,Contact Form,19735 E Colima RdSte 4,Rowland Heights,CA,91748Ad,"Alexander Sinclair, MD",5,(310) 775-2346,http://www.yelp.com/biz/alexander-sinclair-md-beverly-hills-5,http://www.alexandersinclairmd.com,Contact Form,9884 Santa Monica Blvd,Beverly Hills,CA,90212Natural,Aliso Niguel Optometry,5,(949) 448-7464,http://yelp.com/biz/aliso-niguel-optometry-laguna-niguel,http://www.alisonigueloptometry.com,AlisoNiguelOptometry@gmail.com,27270 Alicia PkwySte D,Laguna Niguel,CA,92677Natural,Aliso Optometry,4.5,(949) 362-3500,http://yelp.com/biz/aliso-optometry-aliso-viejo-2,http://www.alisooptometry.com,,27792 Aliso Creek RdSte B124,Aliso Viejo,CA,92656Natural,All Eye Care Optometry,4.5,(805) 495-4625,http://yelp.com/biz/all-eyecare-optometry-thousand-oaks,http://www.aecoptometry.com,AECOptometry@gmail.com,277 Hampshire Rd,Thousand Oaks,CA,91361Natural,All Eyes On You Optometry,4.5,(818) 774-9796,http://yelp.com/biz/all-eyes-on-you-optometry-reseda,http://www.alleyesonu.com,alleyesonuoptometry@gmail.com,6811 White Oak Ave,Reseda,CA,91335Natural,Allan D Zeltser,4.5,(661) 259-1662,http://yelp.com/biz/allan-d-zeltser-od-valencia,http://drallandzeltser.com,MyDrZ@drallandzeltser.com,25862 McBean Pkwy,Valencia,CA,91355Natural,Allred Family Eye Care,5,(714) 526-5515,http://yelp.com/biz/allred-family-eye-care-fullerton,http://www.allredeye.com,Contact Form,1342 E Chapman Ave,Fullerton,CA,92831Natural,Aloha Family Optometry,5,(714) 996-3937,http://yelp.com/biz/aloha-family-optometry-placentia,http://www.alohafamilyoptometry.com/,,1874 N Placentia Ave,Placentia,CA,92870Natural,AMC Plaza Vision Optometry,5,(626) 359-3937,http://yelp.com/biz/amc-plazavision-optometry-city-industry,http://plazavisionoptometry.com/,plazavisionoptometry@yahoo.com,18045 Gale Ave,City Industry,CA,91748Natural,Ami Patel Optometry,5,(909) 598-4393,http://yelp.com/biz/ami-patel-optometry-diamond-bar,http://www.dramipatel.com,info@dramipatel.com,2771 S Diamond Bar Blvd,Diamond Bar,CA,91765Natural,Amy Kim Optometry,4,(310) 542-7070,http://yelp.com/biz/amy-kim-optometry-torrance,http://www.amykimoptometry.com,amy@amykimoptometry.com,21880 Hawthorne BlvdSte 340,Torrance,CA,90503Natural,Anaheim Hills Family Optometry Inc.,4.5,(714) 998-2020,http://yelp.com/biz/anaheim-hills-family-optometry-inc-anaheim-2,http://www.drcharm.com,info@drcharm.com,6200 E Canyon Rim RdSuite 101,Anaheim,CA,92807Natural,Anaheim Hills Optometric Center,4.5,(714) 637-1640,http://yelp.com/biz/anaheim-hills-optometric-center-anaheim,http://anaheimhillsvision.com,Contact Form,5701 E Santa Ana Canyon RdSte H,Anaheim,CA,92807Ad,"Annie Barseghian, MD",4,(626) 788-2275,http://www.yelp.com/biz/annie-barseghian-md-pasadena,http://barseghianmd.com/,HealthMatters@BarseghianMD.com,800 Fairmount AveSte 210,Pasadena,CA,91105Natural,"Arthur B Corish,OD",5,(949) 559-5905,http://yelp.com/biz/arthur-b-corish-od-irvine,http://www.drcorish.com,Contact Form,15785 Laguna Canyon RdSte 260,Irvine,CA,92618Natural,Assil Eye Institute,4,(310) 651-2300,http://yelp.com/biz/assil-eye-institute-beverly-hills,http://www.assileye.com/,Contact Form,450 North Roxbury Dr3rd Fl,Beverly Hills,CA,90210Natural,Attentive Eye Care Optometry,4,(714) 927-5192,http://yelp.com/biz/attentive-eye-care-optometry-anaheim,http://highstandardseyecare.com/,Contact Form,3010 W Orange AveSte 110,Anaheim,CA,92804Natural,Barbarino Surgical Arts,5,(310) 402-2255,http://yelp.com/biz/barbarino-surgical-arts-hermosa-beach,http://www.barbarinosurgicalarts.com,,1601 Pacific Coast HwySte 150,Hermosa Beach,CA,90254Natural,Bass Vision Center,4.5,(714) 939-9202,http://yelp.com/biz/bass-vision-center-orange-2,http://eyedoctorandglasses.com,Contact Form,130 S Main St Ste FSte F,Orange,CA,92868Natural,"Batool Jafri, MD",5,(310) 824-9661,http://yelp.com/biz/batool-jafri-md-los-angeles,http://www.drbatooljafri.com,myeyeclinic1205@gmail.com,10921 Wilshire BlvdSte 1205,Los Angeles,CA,90024Natural,Beach Cities Optometry,4.5,(310) 376-8975,http://yelp.com/biz/beach-cities-optometry-manhattan-beach,http://www.beachcitiesoptometry.com,beachcitiesoptometry@gmail.com,1103 Highland Ave,Manhattan Beach,CA,90266Natural,Beach Eye Medical Group,4,(714) 965-9696,http://yelp.com/biz/beach-eye-medical-group-huntington-beach,http://www.beacheye.com,Contact Form,18582 Main St,Huntington Beach,CA,92648Natural,Beach Eyecare Optometry,5,(562) 596-3838,http://yelp.com/biz/beach-eyecare-optometry-long-beach,http://www.beacheyecareoptometry.com,,5531 E Stearns StSte A,Long Beach,CA,90815Natural,Beachside Optometry,5,(714) 962-9377,http://yelp.com/biz/beachside-optometry-huntington-beach-2,http://www.beachsideoptometry.com,beachsideoptometry@yahoo.com,10088 Adams Ave,Huntington Beach,CA,92646Natural,Bel Villaggio Eye Care,4.5,(951) 587-2333,http://yelp.com/biz/bel-villaggio-eye-care-temecula,http://www.belvillaggioeyecare.com,Contact Form,41257 Margarita Rd,Temecula,CA,92591Natural,Belmont Heights Optometry,4.5,(562) 433-1700,http://yelp.com/biz/belmont-heights-optometry-long-beach,http://www.bhoptometry.com/,BELMONTHEIGHTSOPTOMETRY@GMAIL.COM,Belmont Heights Optometry4203 E 4th St,Long Beach,CA,90814Natural,Belmont Shore Optometric,4.5,(562) 438-1211,http://yelp.com/biz/belmont-shore-optometric-long-beach,http://www.belmontshoreoptometric.com,Belmontshoreoptometric@yahoo.com,5219 E 2nd St,Long Beach,CA,90803Natural,Benjamin Eye Institute,4.5,(310) 737-8996,http://yelp.com/biz/benjamin-eye-institute-west-hollywood-4,http://benjamineye.com,info@benjamineye.com,9201 W Sunset BlvdSte 709,West Hollywood,CA,90069Natural,Berg Feinfield TLC Vision Correction,4,(818) 980-2020,http://yelp.com/biz/berg-feinfield-tlc-vision-correction-burbank-2,http://www.bergfeinfield.com,Contact Form,2625 W Alameda AveSte 208,Burbank,CA,91505Natural,Beverly Hills Eye Institute,5,(310) 276-3450,http://yelp.com/biz/beverly-hills-eye-institute-beverly-hills-2,http://www.eyefixit.com,,9025 Wilshire BlvdSte 209,Beverly Hills,CA,90211Natural,Beverly Hills Institute of Ophthalmology,5,(310) 273-2333,http://yelp.com/biz/beverly-hills-institute-of-ophthalmology-beverly-hills-2,http://www.90210eyes.com,info@90210eyes.com,416 N Bedford DrSte 300,Beverly Hills,CA,90210Natural,"Beverly Hills Optometry: Dr. Kambiz Silani, OD",5,(310) 659-2020,http://yelp.com/biz/beverly-hills-optometry-beverly-hills,http://www.bheyeguy.com/,bheyeguy@gmail.com,212 South Robertson Blvd,Beverly Hills,CA,90211Natural,Blackstone Optometry,4.5,(323) 660-2020,http://yelp.com/biz/blackstone-optometry-los-angeles,http://www.blackstoneoptometry.com,,2109 Hillhurst Ave,Los Angeles,CA,90027Natural,Blink Optometry,5,(949) 581-8222,http://yelp.com/biz/blink-optometry-laguna-hills,http://www.blinkoptometry.com,info@blinkoptometry.com,22972 Moulton PkwySuite 104,Laguna Hills,CA,92653Natural,"Brad Elkins, MD",5,(818) 907-1057,http://yelp.com/biz/brad-elkins-md-encino,http://www.oaveyes.com/,Contact Form,16311 Ventura BlvdSte 750,Encino,CA,91436Natural,Brea Optometry,5,(714) 671-2020,http://yelp.com/biz/brea-optometry-brea,http://www.visionsource-breaoptometry.com,Contact Form,400 W Lambert AveSte A,Brea,CA,92821Natural,"Brian Lee, OD",4.5,(626) 570-8800,http://yelp.com/biz/brian-lee-od-monterey-park,http://www.brianleeoptometry.com/,DrBrianLeeStaff@gmail.com,500 S Atlantic BlvdSte A,Monterey Park,CA,91754Natural,"Brian M Brown, MD, Inc",4,(562) 904-1989,http://yelp.com/biz/brian-m-brown-md-inc-downey,http://www.brianbrownmd.com,Contact Form,10933 Lakewood Blvd,Downey,CA,90241Natural,Bright iCare Optometry,4.5,(626) 287-9725,http://yelp.com/biz/bright-icare-optometry-temple-city-3,http://www.brighticare.com,service@brighticare.com,5810 Temple City Blvd,Temple City,CA,91780Natural,Bryan Ma Optometry,5,(714) 288-8855,http://yelp.com/biz/bryan-ma-optometry-orange,http://www.bmaoptometry.com,info@BMAoptometry.com,2836 E Chapman Ave,Orange,CA,92869Natural,Cali Eye and Laser Institute,5,(818) 462-5919,http://yelp.com/biz/cali-eye-and-laser-institute-los-angeles,http://www.calieye.com/,,18425 Burbank BlvdSte 611,Los Angeles,CA,91356Natural,California Eye Center Optometry,5,(818) 780-2020,http://yelp.com/biz/california-eye-center-optometry-van-nuys-2,http://www.caleyecenter.com,CaliforniaEyeCenter@gmail.com,14624 Sherman WaySte 204,Van Nuys,CA,91405Natural,Camarillo Optometry,4,(805) 484-7903,http://yelp.com/biz/camarillo-optometry-camarillo,http://www.Ortho-K-Specialist.com,camarillooptometry@gmail.com,484 Mobil Ave Ste 6,Camarillo,CA,93010Natural,Canyon Lake Optometry,4,(951) 244-4444,http://yelp.com/biz/canyon-lake-optometry-canyon-lake,http://www.canyonlakeoptometry.com/,,31722 Railroad Canyon RdSte 1,Canyon Lake,CA,92587Natural,"Carl T. Hartman, MD",5,(562) 598-7728,http://yelp.com/biz/carl-t-hartman-md-los-alamitos,http://www.socaleye.com/our-doctors/carl-t-hartman-m-d-f-a-c-s/,Contact Form,3801 Katella AveSte 130,Los Alamitos,CA,90720Natural,"Carlos E Green, OD",5,(714) 776-8770,http://yelp.com/biz/carlos-e-green-od-anaheim-2,http://www.primaryeyecareofanaheim.com/,cegreen@pacbell.net,2117 E Lincoln Ave,Anaheim,CA,92806Natural,Carolyn Wong OD,4,(424) 296-3215,http://yelp.com/biz/carolyn-m-wong-od-los-angeles-3,http://www.dr-wong.com,,11540 Santa Monica Blvd,Los Angeles,CA,90025Natural,Castaic Optometry,5,(661) 294-2733,http://yelp.com/biz/castaic-optometry-castaic,http://www.castaicoptometry.com,drpaulclin@gmail.com,31888 N Castaic Rd,Castaic,CA,91384Natural,CCRS Lasik Center in Sherman Oaks,5,(818) 788-7444,http://yelp.com/biz/ccrs-lasik-center-in-sherman-oaks-sherman-oaks,http://ccrsshermanoaks.com/,Contact Form,4954 Van Nuys BlvdSte 200,Sherman Oaks,CA,91403Natural,Central Eyecare,5,(714) 248-9400,http://yelp.com/biz/central-eyecare-stanton,http://www.centraleyecare.com,Contact Form,7602 Katella Ave,Stanton,CA,90680Natural,Century City Optometric Center,5,(310) 277-2020,http://yelp.com/biz/century-city-optometric-center-los-angeles,http://www.ccoptometry.net,office@CCOptometry.com,10390 Santa Monica BlvdSte 320,Los Angeles,CA,90025Natural,Century City Optometry,4,(310) 277-3032,http://yelp.com/biz/century-city-optometry-los-angeles,http://www.centurycityoptometry.net,Info@CenturyCityOptometry.com,Westfield Century City10250 Santa Monica BlvdSte 170,Los Angeles,CA,90067Natural,Century Eyecare Optometry,5,(714) 524-6688,http://yelp.com/biz/century-eyecare-optometry-placentia,http://www.drmattychang.com/,,630 N Rose Dr,Placentia,CA,92870Natural,Chao Vision Institute,5,(949) 679-2426,http://yelp.com/biz/chao-vision-institute-irvine,http://www.chaovision.com/,Contact Form,2500 Alton PkwySte 102,Irvine,CA,92606Natural,"Charles J Korth, OD",4.5,(626) 793-9987,http://yelp.com/biz/charles-j-korth-od-pasadena,http://www.korthvision.com,korth@korthvision.com,1 W California BlvdSte 513,Pasadena,CA,91105Natural,Chino Hills Optometry,4.5,(909) 393-9058,http://yelp.com/biz/chino-hills-optometry-chino-hills,http://www.chinohills2020.com/,Contact Form,4200 Chino Hills PkwySuite 390,Chino Hills,CA,91709Natural,"Cies W Andrew, MD, FACS",4,(949) 640-2023,http://yelp.com/biz/cies-w-andrew-md-facs-newport-beach,http://cieseyes.com/,,400 Newport Center Dr,Newport Beach,CA,92660Natural,Circle City Optometry,5,(951) 735-1002,http://yelp.com/biz/circle-city-optometry-corona-2,http://www.drgarybell.com,info@circlecityoptometry.com,807 W Grand Blvd Ste A,Corona,CA,92882Natural,Clarity Eye Group,4,(714) 842-0651,http://yelp.com/biz/clarity-eye-group-huntington-beach,http://www.clarityeyegroup.com,Contact Form,19671 Beach BlvdSte 400,Huntington Beach,CA,92648Natural,Clayton/Keasberry Health Center,5,(323) 668-2639,http://yelp.com/biz/clayton-keasberry-health-center-los-angeles,http://claytonhealthcenter.com/,appts@claytonhealthcenter.com,3020 Glendale BlvdSte 500,Los Angeles,CA,90039Natural,Coast Dermatology Medical Associates,4,(310) 373-2636,http://yelp.com/biz/coast-dermatology-medical-associates-torrance,http://www.coastdermatology.com,Contact Form,23550 Hawthorne BlvdSte 200,Torrance,CA,90505Natural,"Colima Optometry, Inc",5,(626) 839-2938,http://yelp.com/biz/colima-optometry-inc-rowland-heights-2,http://visionsource-colimaoptometry.com/,Contact Form,1758 Sierra Leone AveSte A,Rowland Heights,CA,91748Natural,Colvard-Kandavel Eye Center,4.5,(818) 906-2929,http://yelp.com/biz/colvard-kandavel-eye-center-encino,http://www.colvardvision.com,info@colvardvision.com,5363 Balboa BlvdSte 545,Encino,CA,91316Natural,Concourse Optometry,5,(949) 851-2015,http://yelp.com/biz/concourse-optometry-irvine,http://www.concourseoptometry.com,Info@concourseoptometry.com,2030 Main StSte 115,Irvine,CA,92614Natural,Cornea Eye Institute,5,(310) 248-7474,http://yelp.com/biz/cornea-eye-institute-beverly-hills-4,http://laser-prk.com,rosie@laser-prk.com,50 N La Cienega BlvdSte 340,Beverly HIlls,CA,90211Natural,Corona Optometry,5,(951) 898-2010,http://yelp.com/biz/corona-optometry-corona,http://www.coronaoptometric.com,Contact Form,1501 Rimpau AveSte B104,Corona,CA,92881Natural,Crystal Coast Optometry,4.5,(949) 715-4300,http://yelp.com/biz/crystal-coast-optometry-newport-beach,http://www.crystalcoastoptometry.com,info@crystalcoastoptometry.com,7886 E Coast Hwy,Newport Beach,CA,92657Natural,Cynthia Broady Optometry,4,(714) 838-9664,http://yelp.com/biz/cynthia-broady-optometry-tustin,http://www.drbroady.com,info@drbroady.com,17300 17th StSte M,Tustin,CA,92780Natural,Cypress Pointe Optometry,5,(714) 827-2020,http://yelp.com/biz/cypress-pointe-optometry-cypress,http://www.cpoptometry.com/,Contact Form,10515 Valley View St,Cypress,CA,90630Natural,"Dan B Carver, OD, FAAO",5,(714) 263-0800,http://yelp.com/biz/dan-b-carver-od-faao-fountain-valley,http://www.drdancarver.com,info@drdancarver.com,11180 Warner AveSte 261,Fountain Valley,CA,92708Natural,"Dan Rieder, OD",5,(805) 497-7840,http://yelp.com/biz/dan-rieder-od-thousand-oaks,http://www.danrieder.com,,Insight Vision Care155 E Wilbur RdSte 101,Thousand Oaks,CA,91360Natural,"Daniel C Kline, MD",5,(949) 653-9500,http://yelp.com/biz/daniel-c-kline-md-irvine,http://www.oceyeassociates.com,Contact Form,3500 Barranca PkwySte 290,Irvine,CA,92606Natural,"Darren Brown, OD",4.5,(714) 669-1121,http://yelp.com/biz/darren-brown-od-tustin,http://www.tustineyecare.com,Contact Form,190 El Camino Real,Tustin,CA,92780Natural,"David I Halpert, OD",5,(818) 889-2020,http://yelp.com/biz/david-i-halpert-od-agoura-hills,http://www.drhalpertod.com,office@drhalpertod.com,5643 Kanan Rd,Agoura Hills,CA,91301Natural,"David J Nota, OD",5,(949) 492-2029,http://yelp.com/biz/david-j-nota-od-san-clemente-5,http://sanclementeoptometry.com,Contact Form,"San Clemente Optometry224 Avenida Del Mar, Ste A",San Clemente,CA,92672Natural,"David Krasnow, OD",5,(310) 276-5333,http://yelp.com/biz/david-krasnow-od-beverly-hills,http://www.richlineye.com,appointment@richlineye.com,8907 Wilshire BlvdFl  3,Beverly Hills,CA,90211Natural,"David Wong, OD",5,(714) 527-9236,http://yelp.com/biz/david-wong-od-buena-park-3,http://www.buenaparkeyedoc.com/,buenaparkeyedoc@gmail.com,Inside Walmart8450 La Palma Ave,Buena Park,CA,90620Natural,"Dawn M Miller, O.D. & Associates",5,(714) 530-5720,http://yelp.com/biz/dawn-m-miller-o-d-and-associates-garden-grove,http://www.drdawnmiller.com/,,12966 Main St,Garden Grove,CA,92840Natural,Del Rey Optometry,4,(310) 577-6401,http://yelp.com/biz/del-rey-optometry-playa-del-rey,http://www.delreyoptometry.com/contact-us/playa-del-rey/,playa@delreyoptometry.com,8511 Pershing Dr,Playa Del Rey,CA,90293Natural,Dennis Lin Optometry,4.5,(323) 264-2015,http://yelp.com/biz/dennis-lin-optometry-monterey-park,http://www.dennislinoptometry.com,info@premiervisioncare.com,2075 S Atlantic BlvdSte J,Monterey Park,CA,91754Natural,Diamond Bar Optometric Center,4.5,(909) 861-4999,http://yelp.com/biz/diamond-bar-optometric-center-diamond-bar,http://www.diamondbaroptometric.com,,1255 S Diamond Bar Blvd,Diamond Bar,CA,91765Natural,Diamond Eye Optometry,4,(805) 527-6824,http://yelp.com/biz/diamond-eye-optometry-simi-valley,http://www.diamondeyeoptometry.com,,2845 Cochran StSte D,Simi Valley,CA,93065Natural,Diamond Vision Optometry,5,(626) 683-6868,http://yelp.com/biz/diamond-vision-optometry-pasadena,http://www.diamondvision2020.com,,350 S Lake AveSte 111,Pasadena,CA,91101Natural,"Diana Ciobanu, OD",5,(714) 368-0183,http://yelp.com/biz/diana-ciobanu-od-irvine,http://www.visualparadiseoptometry.com,,Target Optical13200 Jamboree Rd,Irvine,CA,92602Ad,"Don Mehrabi, MD FAAD",4.5,(818) 914-7546,http://www.yelp.com/biz/don-mehrabi-md-faad-encino,http://www.bhskin.com,,5400 Balboa BlvdSte 141,Encino,CA,91316Natural,"Donald H Harris, OD",4.5,(949) 640-4040,http://yelp.com/biz/donald-h-harris-od-newport-beach,http://eyeimprovement.com,,200 Newport Ctr DrSuite 301,Newport Beach,CA,92660Natural,"Dougal Jeffrey, OD",4.5,(714) 528-2566,http://yelp.com/biz/dougal-jeffrey-od-placentia,http://www.eyecareoptometry.net/,,1201 N Rose DrSte 100,Placentia,CA,92870Natural,Dougherty Laser Vision,4.5,(323) 466-7337,http://yelp.com/biz/dougherty-laser-vision-beverly-hills,http://doughertylaservision.com,,9100 Wilshire BlvdSte 265E,Beverly Hills,CA,90212Natural,"Douglas Engh Marshall, MD",5,(661) 253-5000,http://yelp.com/biz/douglas-engh-marshall-md-valencia-2,http://www.myeyesight.com,,25775 McBean PkwySte 208,Valencia,CA,91355Natural,Downey Eyecare Center,4.5,(562) 869-1005,http://yelp.com/biz/downey-eyecare-center-downey,http://www.downeyeye.com,,8605 Firestone Blvd,Downey,CA,90241Natural,Dr Ivor Meyerson,4.5,(310) 542-2251,http://yelp.com/biz/dr-ivor-meyerson-redondo-beach,http://www.EyeMeyerson.com,,South Bay Galleria1815 Hawthorne BlvdSte 360,Redondo Beach,CA,90278Natural,Dr. Barry Leonard & Associates,5,(818) 891-6711,http://yelp.com/biz/dr-barry-leonard-and-associates-panorama-city,http://www.drbleonard.com,,14425 Chase St,Panorama City,CA,91402Natural,Dr. Bass Vision Center,4.5,(714) 898-5631,http://yelp.com/biz/dr-bass-vision-center-westminster,http://www.eyedoctorandglasses.com,,15068 Goldenwest St,Westminster,CA,92683Natural,Dr. Bogard Chang Optometry,4.5,(213) 413-8213,http://yelp.com/biz/dr-bogard-chang-optometry-los-angeles,http://www.drbogardchang.com,,"1711 W Temple St7th Fl, Ste 7136",Los Angeles,CA,90026Natural,Dr. C Optometry,5,(310) 966-5030,http://yelp.com/biz/dr-c-optometry-los-angeles-3,http://www.drcoptometry.com,,10940 Santa Monica Blvd,Los Angeles,CA,90025Natural,Dr. Eddy Naime Vision Center,4.5,(323) 261-3098,http://yelp.com/biz/dr-eddy-naime-vision-center-los-angeles,http://www.drnaime.com/,,4545 E  3rd St,Los Angeles,CA,90022Ad,Dr. Ghosheh - Advanced Eye Medical Group,4,(949) 582-1090,http://www.yelp.com/biz/dr-ghosheh-advanced-eye-medical-group-mission-viejo,http://www.laserforeyes.com/,,26701 Crown Valley Parkway,Mission Viejo,CA,92691Natural,Dr. Goldstone Vision Centers,5,(714) 963-2020,http://yelp.com/biz/dr-goldstone-vision-centers-fountain-valley,http://www.drgoldstone2020.com,,9107 Garfield Ave,Fountain Valley,CA,92708Natural,Dr. Kims Optometry,4.5,(909) 628-0300,http://yelp.com/biz/dr-kims-optometry-chino,http://www.drkimsoptometry.com/,,14147 Pipeline Ave,Chino,CA,91710Natural,"Dr. Matty Chang, OD",5,(714) 524-6688,http://yelp.com/biz/dr-matty-chang-od-placentia,http://www.drmattychang.com,,Century Eyecare Optometry630 N Rose Dr,Placentia,CA,92870Natural,Dr. Shah & Dr. Frohn Optometry,5,(562) 866-2020,http://yelp.com/biz/dr-shah-and-dr-frohn-optometry-bellflower-3,http://www.clearsiteopt.com,,17139 Bellflower Blvd,Bellflower,CA,90706Natural,Dr. Thomas Kang Optometry,4.5,(562) 924-6271,http://yelp.com/biz/dr-thomas-kang-optometry-artesia,http://www.drthomaskangoptometry.com/,,17617 S Pioneer Blvd,Artesia,CA,90701Ad,Dr. Walton Montegut,4,(949) 431-2029,http://www.yelp.com/biz/dr-walton-montegut-newport-beach,http://www.newcontours.com,,"New Contours1401 Avocado Ave, Suite 610",Newport Beach,CA,92660Natural,E-Optometry Inc.,4.5,(818) 888-1098,http://yelp.com/biz/e-optometry-west-hills,http://www.eoptometry.org,,6418 Platt Ave,West Hills,CA,91307Natural,East West Eye Institute,4,(213) 680-1551,http://yelp.com/biz/east-west-eye-institute-los-angeles-2,http://www.eastwesteye.com/,,420 E 3rd StSte 603,Los Angeles,CA,90013Natural,Eastgate Optometry Care,4.5,(714) 373-2020,http://yelp.com/biz/eastgate-optometry-care-garden-grove,http://www.optometrycare.com,,11893 Valley View St,Garden Grove,CA,92845Natural,"Ebbie A Soroudi, MD, MS",5,(888) 495-0977,http://yelp.com/biz/ebbie-a-soroudi-md-ms-los-angeles,http://www.besteyes.info/,,10884 W Santa Monica Blvd2nd Fl,Los Angeles,CA,90025Natural,"Eduardo Besser, MD",4.5,(310) 838-0202,http://yelp.com/biz/eduardo-besser-md-culver-city,http://www.eduardobessermd.com,,9808 Venice Blvd,Culver City,CA,90232Natural,"Eileen J Bell, OD",4.5,(310) 414-9595,http://yelp.com/biz/eileen-j-bell-od-el-segundo,http://www.elsegundooptometry.com,,302 W Grand AveSte 1,El Segundo,CA,90245Natural,El Portal Optometry,4.5,(818) 769-2020,http://yelp.com/biz/el-portal-optometry-north-hollywood,http://www.elportaloptometry.com,,5269 Lankershim Blvd,North Hollywood,CA,91601Natural,Elliott Caine Optometry,4.5,(323) 258-2242,http://yelp.com/biz/elliott-caine-optometry-los-angeles,http://www.drecaine.com,,5016 York Blvd,Los Angeles,CA,90042Natural,Esther Ahn - Optometry,4.5,(562) 809-4041,http://yelp.com/biz/esther-ahn-optometry-cerritos,http://www.drestherahn.com,,11900 South StSte 121,Cerritos,CA,90703Natural,Excel Laser Vision Institute,5,(855) 517-3603,http://yelp.com/biz/excel-laser-vision-institute-brea-2,http://www.excellaservisioninstitute.com,,10 Pointe DrSte 310,Brea,CA,92821Natural,Eye Care For You,4.5,(714) 879-2728,http://yelp.com/biz/eye-care-for-you-la-habra-2,http://www.eyecareforyouoptometry.com,,1216 S Idaho StSte 3B,La Habra,CA,90631Natural,Eye Care Optometry FV,5,(714) 418-9607,http://yelp.com/biz/eye-care-optometry-fv-fountain-valley-4,http://www.iOrthoK.com,,11075 Warner Ave,Fountain Valley,CA,92708Natural,Eye Care Optometry Of San Gabriel,5,(626) 291-2020,http://yelp.com/biz/eye-care-optometry-of-san-gabriel-san-gabriel,http://www.sgeyecare.com,,417 S San Gabriel BlvdSte B,San Gabriel,CA,91776Natural,Eye See Optometry,5,(310) 830-2201,http://yelp.com/biz/eye-see-optometry-carson,http://www.eyeseeoptometrycarson.com,,22215 Avalon Blvd,Carson,CA,90745Ad,Eye Smart Optometry,5,(714) 786-8468,http://www.yelp.com/biz/eye-smart-optometry-westminster-2,http://www.eyesmartoptometry.com,,9200 Bolsa AveSte 119A,Westminster,CA,92683Natural,Eye Treatment Center,5,(562) 988-8668,http://yelp.com/biz/eye-treatment-center-long-beach-2,http://www.eyetreatmentcenter.com/,,3900 Long Beach Blvd,Long Beach,CA,90807Ad,Eye Zone Optometry,4.5,(310) 375-9230,http://www.yelp.com/biz/eye-zone-optometry-torrance,http://www.eyezone.org,,3871 Pacific Coast Hwy,Torrance,CA,90505Natural,EyeCare Unlimited,4.5,(951) 353-2020,http://yelp.com/biz/eyecare-unlimited-riverside,http://eyecare-unlimited.com,,10440 Magnolia Ave,Riverside,CA,92505Natural,EyeCon Optometry,4.5,(818) 345-2010,http://yelp.com/biz/eyecon-optometry-reseda-2,http://www.eyeconsee.com,,7217 Reseda Blvd,Reseda,CA,91335Natural,Eyed LA Optometry,5,(424) 208-3107,http://yelp.com/biz/eyed-la-optometry-los-angeles,http://www.eyedla.com,,12222 Wilshire BlvdSte 105,Los Angeles,CA,90025Natural,EyeGen Vision Center Optometry,5,(714) 841-9888,http://yelp.com/biz/eyegen-vision-center-optometry-huntington-beach-2,http://www.eyegenvision.com/,,17122 Beach BlvdSte 203,Huntington Beach,CA,92647Natural,Eyeglass Factory,4,(805) 642-2222,http://yelp.com/biz/eyeglass-factory-ventura,http://eyeglassfactory.com/,,4051 E Main St,Ventura,CA,93003Natural,Eyemax Optometry,4,(714) 637-9999,http://yelp.com/biz/eyemax-optometry-orange,http://www.eyemaxoptometry.org,,2097 N Tustin St,Orange,CA,92865Natural,Eyes On Redondo Optometry,4,(310) 318-6665,http://yelp.com/biz/eyes-on-redondo-optometry-redondo-beach,http://eyes4exam.com,,403 N Pacific Coast HwySuite 108,Redondo Beach,CA,90277Natural,Eyestyles For Lifestyles,4,(949) 837-2121,http://yelp.com/biz/eyestyles-for-lifestyles-lake-forest,http://www.eyestyleslakeforest.com,,22681 Lake Forest DrSte A2,Lake Forest,CA,92630Natural,F Y Eye Optometry Center,4,(818) 996-3233,http://yelp.com/biz/f-y-eye-optometry-center-tarzana,http://www.fyeyevision.net,,18963 Ventura Blvd,Tarzana,CA,91356Natural,Family Optometry,5,(714) 899-8991,http://yelp.com/biz/family-optometry-westminster,http://www.familyoptometry.com,,9039 Bolsa AveSte 110,Westminster,CA,92683Natural,Family Optometry Center of Simi Valley,5,(805) 520-0900,http://yelp.com/biz/family-optometry-center-of-simi-valley-simi-valley,http://www.familyoptometrysimi.com/,,1407 E Los Angeles AveSte S,Simi Valley,CA,93065Natural,Family Optometry of Irvine,5,(714) 730-2020,http://yelp.com/biz/family-optometry-of-irvine-irvine-2,http://www.familyoptometryofirvine.net,,Orchard Hills Village Ctr3873 Portola Pkwy,Irvine,CA,92602Ad,"Farshad Malekmehr, MD",5,(661) 799-7459,http://www.yelp.com/biz/farshad-malekmehr-md-valencia,http://wwww.5starveinclinic.wordpress.com,,23823 Valencia BlvdSte 150,Valencia,CA,91355Natural,Fashion Eyes Optometry,5,(626) 839-1010,http://yelp.com/biz/fashion-eyes-optometry-west-covina,http://www.fashioneyes.net,,4141 S Nogales StSte A,West Covina,CA,91792Natural,"Ferzaad Moosa, MD",4.5,(877) 765-2198,http://yelp.com/biz/ferzaad-moosa-md-encino,http://www.exceleye.com,,16542 Ventura BlvdSte 400,Encino,CA,91436Natural,"Foad J Shirazian, OD",5,(818) 757-3200,http://yelp.com/biz/foad-j-shirazian-od-tarzana,http://visioncare1.com,,18399 Ventura BlvdSte 10,Tarzana,CA,91356Ad,Foothill Ranch Eye Care Optometry,5,(949) 264-3931,http://www.yelp.com/biz/foothill-ranch-eye-care-optometry-foothill-ranch,http://www.foothillrancheyecare.com,,26730 Towne Centre DrSte 204,Foothill Ranch,CA,92610Ad,Fountain of Youth Cosmetic Center,5,(562) 584-8051,http://www.yelp.com/biz/fountain-of-youth-surgical-center-cerritos,http://www.wildwoodsurgicalcerritos.com/,,17100 Norwalk Blvd.Suite 111,Cerritos,CA,90703Natural,Fountain Valley Optometry,5,(714) 210-2393,http://yelp.com/biz/fountain-valley-optometry-fountain-valley,http://www.fountainvalleyoptometry.com,,16027 Brookhurst StSte E,Fountain Valley,CA,92708Natural,"Franz Michel, MD",5,(805) 499-2676,http://yelp.com/biz/franz-michel-md-thousand-oaks,http://www.goldcoastvision.com,,2239 Michael Dr,Thousand Oaks,CA,91320Natural,Freedom Vision Surgery Center,5,(818) 783-2346,http://yelp.com/biz/freedom-vision-surgery-center-encino,http://freedomvisionsurgery.com,,16255 Ventura Blvd,Encino,CA,91436Ad,"Gerald Minniti, MD FACS",5,(310) 275-0040,http://www.yelp.com/biz/gerald-minniti-md-facs-beverly-hills,http://www.drminniti.com,,120 S Spalding DrSte 330,Beverly Hills,CA,90212Natural,Gerry Gee Optometry,5,(310) 830-7584,http://yelp.com/biz/gerry-gee-optometry-carson,http://www.gerrygeeoptometry.com,,22015 S Avalon BlvdSte A,Carson,CA,90745Natural,Glendale Family Optometry,5,(818) 230-0550,http://yelp.com/biz/glendale-family-optometry-glendale,http://www.glendalefamilyoptometry.com,,413 E Glenoaks BlvdSte B,Glendale,CA,91207Natural,Glenoaks Laser Center,4,(818) 551-0030,http://yelp.com/biz/glenoaks-laser-center-glendale,http://www.glenoakslasercenter.com,,530 W Glenoaks Blvd,Glendale,CA,91202Natural,Global Eye and Laser Center,5,(888) 393-7382,http://yelp.com/biz/global-eye-and-laser-center-huntington-beach,http://www.globaleyeandlaser.com/,,18632 Beach BlvdSte 100,Huntington Beach,CA,92648Natural,Gold Optometry,4.5,(213) 384-1001,http://yelp.com/biz/gold-optometry-los-angeles,http://www.goldoptometry.com,,833 S Western AveSte 2,Los Angeles,CA,90005Natural,Golden Optometric Group,4.5,(562) 692-1208,http://yelp.com/biz/golden-optometric-group-whittier-2,http://www.goldenoptometric.com,,11245 E Washington Blvd,Whittier,CA,90606Natural,Golden Rowland Heights Optometry,4.5,(626) 965-8698,http://yelp.com/biz/golden-rowland-heights-optometry-rowland-heights,http://goldenvision2020.com/,,1015 S Nogales StSte 109,Rowland Heights,CA,91748Natural,Golden San Gabriel Optometric Vision Center,4,(626) 288-8023,http://yelp.com/biz/golden-san-gabriel-optometric-vision-center-san-gabriel,http://goldenvision2020.com,,140 W Valley BlvdSte 115,San Gabriel,CA,91776Natural,Good Eye Optometry,4.5,(310) 440-9500,http://yelp.com/biz/good-eye-optometry-los-angeles,http://www.goodeyeoptometry.com/,,11718 Barrington Ct,Los Angeles,CA,90049Natural,"Gottlieb Donald, OD",4,(562) 630-2020,http://yelp.com/biz/gottlieb-donald-od-lakewood-2,http://www.doctoreye.net/,,322 Lakewood Center Mall,Lakewood,CA,90712Natural,"Grace K Wong, OD",4.5,(626) 356-8088,http://yelp.com/biz/grace-k-wong-od-pasadena,http://www.pasadenaeyecare.com,,80 N Lake AveSte 102,Pasadena,CA,91101Natural,Grant Optometric Group,5,(714) 557-2020,http://yelp.com/biz/grant-optometric-group-costa-mesa,http://www.drgrant.net,,3140 Bear St,Costa Mesa,CA,92626Natural,"Griffin T Powers, OD",5,(949) 495-3031,http://yelp.com/biz/griffin-t-powers-od-laguna-niguel,http://www.griffinoptometric.com/,,30030 Town Center Dr,Laguna Niguel,CA,92677Natural,Harvard Eye Associates,4.5,(949) 951-2020,http://yelp.com/biz/harvard-eye-associates-laguna-hills,http://www.harvardeye.com,,24401 Calle de la LouisaSuite 300-312,Laguna Hills,CA,92653Ad,Heejung Koh Optometry,5,(626) 854-1131,http://www.yelp.com/biz/heejung-koh-optometry-rowland-heights-2,http://www.drkohvision.com,,18337 Colima Rd,Rowland Heights,CA,91748Natural,"Hermineh K Moradi, OD",5,(818) 937-9980,http://yelp.com/biz/hermineh-k-moradi-od-glendale-2,http://www.moradieyecare.com,,1577 E Chevy Chase DrSte 120,Glendale,CA,91206Natural,Hertzog Eye Care,4.5,(562) 597-3100,http://yelp.com/biz/hertzog-eye-care-long-beach,http://www.hertzogeyecare.com/,,5094 E Los Coyotes Diagonal,Long Beach,CA,90815Natural,Hip Optics Optometry,5,(951) 776-3100,http://yelp.com/biz/hip-optics-optometry-riverside,http://www.hipoptics.com,,19040 Van Buren BlvdSte 109,Riverside,CA,92508Natural,Hodes Vision Optometry,5,(310) 475-1903,http://yelp.com/biz/hodes-vision-optometry-los-angeles,http://www.hodesvision.com,,10511 W Pico Blvd,Los Angeles,CA,90064Natural,Hoff Optometry,5,(310) 452-4633,http://yelp.com/biz/hoff-optometry-venice,http://www.hoffoptometry.com/,,1636 Abbot Kinney Blvd,Venice,CA,90291Natural,Hospitality Eyecare Center,5,(909) 383-5000,http://yelp.com/biz/hospitality-eyecare-center-san-bernardino,http://www.SeeToLive.com,,164 W Hospitality LnSte 7,San Bernardino,CA,92408Ad,"Howard Gross, MD",4.5,(805) 618-1634,http://www.yelp.com/biz/howard-gross-md-santa-barbara,http://www.surgicalartsonstate.com,,,Santa Barbara,CA,93101Natural,Huntington Beach Eye Consultants,5,(714) 367-4477,http://yelp.com/biz/huntington-beach-eye-consultants-huntington-beach,http://www.hbeyeconsultants.com,,18821 Delaware StSte 205,Huntington Beach,CA,92648Natural,Huntington Valley Optometry,5,(714) 848-0028,http://yelp.com/biz/huntington-valley-optometry-westminster-4,http://www.huntingtonvalleyoptometry.com/,,16481 Magnolia St,Westminster,CA,92683Natural,"I Sight Optometric Center, Inc.",4.5,(310) 475-7602,http://yelp.com/biz/i-sight-optometric-center-inc-los-angeles,http://www.isightoptometry.com/,,11755 Wilshire BlvdSte 35,Los Angeles,CA,90025Natural,i2iOptometry,5,(949) 250-1415,http://yelp.com/biz/i2ioptometry-irvine,http://www.i2ioptometry.com/,,17320 Red Hill AveSte 170,Irvine,CA,92614Natural,ICU Optometry,4,(626) 458-5393,http://yelp.com/biz/icu-optometry-san-gabriel,http://www.icuoptometry.com,,220  W Valley BlvdSte 202,San Gabriel,CA,91776Ad,Ideal Face and Body,4.5,(424) 281-4328,http://www.yelp.com/biz/ideal-face-and-body-beverly-hills-4,http://www.idealfaceandbody.com/,,465 North Roxbury DrivePenthouse Suite,Beverly Hills,CA,90210Natural,Image Perfect Laser,5,(949) 387-1404,http://yelp.com/biz/image-perfect-laser-irvine,http://www.imageperfectlaser.com,,4716 Barranca Pkwy,Irvine,CA,92604Natural,Incredible Eye Care Optometry,4.5,(310) 326-2881,http://yelp.com/biz/incredible-eye-care-optometry-torrance,http://www.incredibleeyecare.com/,,2551 Pacific Coast Hwy,Torrance,CA,90505Natural,Infinity EyeCare,5,(714) 970-2020,http://yelp.com/biz/infinity-eyecare-anaheim-hills,http://visionsource-infinityeyecare.com,,5475 E La Palma AveSte 209,Anaheim Hills,CA,92807Natural,Infinity Optometry,4.5,(714) 256-2020,http://yelp.com/biz/infinity-optometry-fullerton,http://www.infinityoptometry.com,,1036 E Bastanchury RdSte B,Fullerton,CA,92835Natural,Inland Eye Institute,5,(909) 825-3425,http://yelp.com/biz/inland-eye-institute-colton,http://www.inlandeye.com,,1900 E Washington St,Colton,CA,92324Natural,Inland Eye LASIK & Aesthetic,4.5,(909) 937-9230,http://yelp.com/biz/inland-eye-lasik-and-aesthetic-rancho-cucamonga,http://www.inlandeye.com,,9481 Haven AveSte 200,Rancho Cucamonga,CA,91730Natural,Instyle Optometry,4.5,(714) 635-1100,http://yelp.com/biz/instyle-optometry-anaheim,http://www.instyleoptometry.com/,,500 S Euclid StSte D,Anaheim,CA,92802Natural,IQ Laser Vision,4.5,(626) 854-2020,http://yelp.com/biz/iq-laser-vision-city-of-industry-2,http://www.iqlaservision.com,,18725 Gale AveSte 140,City Of Industry,CA,91748Natural,Irvine Optometry,4,(949) 477-2424,http://yelp.com/biz/irvine-optometry-irvine,http://www.irvineoptometry.net/,,17585 Harvard AveSte E,Irvine,CA,92614Natural,Isight Vision Care,5,(714) 465-9978,http://yelp.com/biz/isight-vision-care-fountain-valley,http://isightvisioncare.com,,18693 Brookhurst St,Fountain Valley,CA,92708Natural,Jackman Optometry,4.5,(714) 543-2022,http://yelp.com/biz/jackman-optometry-orange-3,http://www.jackmanoptometry.com,,890 W Town and Country Rd,Orange,CA,92868Natural,Jade Healing Retreat,5,(310) 557-0500,http://yelp.com/biz/jade-healing-retreat-beverly-hills,http://www.jadehealingretreat.com,,239 S LaCienega BlvdSte 300,Beverly Hills,CA,90211Natural,"James Khodabakhsh, MD",4.5,(310) 550-7888,http://yelp.com/biz/james-khodabakhsh-md-beverly-hills,http://www.90210eyes.com,,450 N Bedford Drive,Beverly Hills,CA,90210Natural,"James L Cooperman, OD",5,(714) 963-2111,http://yelp.com/biz/james-l-cooperman-od-fountain-valley,http://www.drcoopermanoptometry.com,,18449 Brookhurst StSte 6,Fountain Valley,CA,92708Natural,"James W Donovan, MD",5,(562) 421-2757,http://yelp.com/biz/james-w-donovan-md-long-beach,http://www.eyephysiciansoflongbeach.com/los-angeles/james-w-donovan-m-d.htm,,"Eye Physicians of Long Beach3325 Palo Verde Ave, Ste 103",Long Beach,CA,90808Natural,"Jay Schlanger, OD",4.5,(818) 789-2030,http://yelp.com/biz/jay-schlanger-od-encino-2,http://visionsource-docjay.com,,16055 Ventura BlvdSte 690,Encino,CA,91436Ad,JCPenney Optical,5,(814) 944-1492,http://www.yelp.com/biz/jcpenney-optical-northridge-3,http://www.jcpenneyoptical.com/stores/northridge-s-c-2/,,9301 Tampa,Northridge,CA,91324Natural,"Jeffrey H Brown, OD",4,(714) 979-1811,http://yelp.com/biz/jeffrey-h-brown-od-costa-mesa,http://www.drjeffreybrownod.com,,1175 Baker StSte E-16,Costa Mesa,CA,92626Ad,"Jilber Fouladian, OD",4.5,(310) 234-8900,http://www.yelp.com/biz/jilber-fouladian-od-los-angeles,http://losangeleseyeexam.com,,1312 Westwood Blvd,Los Angeles,CA,90024Natural,"John D Hofbauer, MD",4.5,(310) 273-2333,http://yelp.com/biz/john-d-hofbauer-md-beverly-hills,http://www.eyedrs.com,,416 N Bedford DrSte 300,Beverly Hills,CA,90210Natural,"John E Maanum, OD",5,(310) 553-7011,http://yelp.com/biz/john-e-maanum-od-los-angeles,http://www.visionsource-drmaanumoptometry.com/,,9701 W Pico BlvdSte 215,Los Angeles,CA,90035Natural,"Jonathan Gording, OD",4,(310) 470-4289,http://yelp.com/biz/jonathan-gording-od-los-angeles-2,http://www.drgording.com,,2035 Westwood BlvdSte 101,Los Angeles,CA,90025Natural,"Joseph S Powell, OD",5,(714) 964-3811,http://yelp.com/biz/joseph-s-powell-od-huntington-beach,http://www.drjosephpowell.com,,19746 Beach Blvd,Huntington Beach,CA,92648Ad,"Joubin Gabbay, MD",4.5,(310) 205-9500,http://www.yelp.com/biz/joubin-gabbay-md-beverly-hills,http://GabbayPlasticSurgery.com,,433 North Camden DrSte 780,Beverly Hills,CA,90210Natural,"Julie Berg Ryan, OD, MSEd",4,(949) 733-1400,http://yelp.com/biz/julie-berg-ryan-od-msed-irvine,http://www.drjulieryan.com,,4950 Barranca PkwySte 310,Irvine,CA,92604Natural,Kagan Institute,5,(323) 937-2269,http://yelp.com/biz/kagan-institute-los-angeles,http://www.kaganinstitute.com,,5455 Wilshire BlvdSte 1714,Los Angeles,CA,90036Natural,"Kavita Surti, Citrus Valley Eyecare",4.5,(626) 732-2200,http://yelp.com/biz/kavita-surti-citrus-valley-eyecare-covina,http://www.citrusvalleyeyecare.net,,475 W. Badillo St,Covina,CA,91723Natural,"Kenneth Kim, MD",4,(213) 700-4297,http://yelp.com/biz/kenneth-kim-md-los-angeles,http://www.drkennethkim.com,,5757 Wilshire BlvdSte 348,Los Angeles,CA,90036Natural,"Kenneth Lawenda, OD",5,(310) 276-5333,http://yelp.com/biz/kenneth-lawenda-od-beverly-hills,http://www.richlineye.com,,8907 Wilshire Blvd3 Fl,Beverly Hills,CA,90211Natural,Khanna Institute of Lasik,5,(323) 577-5393,http://yelp.com/biz/khanna-institute-of-lasik-beverly-hills-3,http://www.khannainstitute.com,,240 S La Cienega BlvdSte 250,Beverly Hills,CA,90211Natural,Khanna Institute of LASIK,4.5,(805) 230-2126,http://yelp.com/biz/khanna-institute-of-lasik-westlake-village-4,http://www.khannainstitute.com,,179 Auburn CtSte 1,Westlake Village,CA,91362Natural,"Kristen Lee, OD",4.5,(310) 513-6900,http://yelp.com/biz/kristen-lee-od-carson,http://www.carsonoptometry.com/,,21739 Avalon Blvd,Carson,CA,90745Natural,Kurata Eyecare Center,5,(213) 617-2020,http://yelp.com/biz/kurata-eyecare-center-los-angeles,http://www.kurataeyecare.com/,,200 S San Pedro StSte B,Los Angeles,CA,90012Ad,"Kyle R Song, MD",5,(949) 701-4454,http://www.yelp.com/biz/kyle-r-song-md-irvine,http://www.songplasticsurgery.com,,4968 Booth CirSte 105,Irvine,CA,92604Ad,L.A. Vein Center,4.5,(818) 325-0400,http://www.yelp.com/biz/l-a-vein-center-sherman-oaks-2,http://www.laveincenter.com/,,4955 Van Nuys BlvdSte 301,Sherman Oaks,CA,91403Natural,La Habra Hills Optometry,4,(562) 697-6733,http://yelp.com/biz/la-habra-hills-optometry-la-habra,http://www.lhho.net,,601 E Whittier BlvdSte 102,La Habra,CA,90631Ad,La Optometrique,5,(818) 990-8771,http://www.yelp.com/biz/la-optometrique-sherman-oaks,http://www.shermanoaksoptometry.com,,14106 Ventura Blvd Ste 101,Sherman Oaks,CA,91423Natural,LA Sight,5,(310) 828-2020,http://yelp.com/biz/la-sight-los-angeles,http://www.la-sight.com/,,11600 Wilshire BlvdSte 200,Los Angeles,CA,90025Natural,Ladera Ranch Optometry,4.5,(949) 218-2020,http://yelp.com/biz/ladera-ranch-optometry-ladera-ranch,http://www.lroptometry.com/,,25612 Crown Valley PkwySte L2,Ladera Ranch,CA,92694Natural,LaFont Family Eyecare Optometry,4.5,(714) 521-3002,http://yelp.com/biz/lafont-family-eyecare-optometry-buena-park,http://lafontfamilyeyecare.com,,7960 Orangethorpe Ave,Buena Park,CA,90621Natural,Laguna Coast Optometry,4.5,(949) 715-2499,http://yelp.com/biz/laguna-coast-optometry-laguna-beach,http://laguna2020vision.com/,,303 BroadwaySte  105,Laguna Beach,CA,92651Natural,Laguna Eye Care,4.5,(949) 586-8980,http://yelp.com/biz/laguna-eye-care-laguna-woods,http://lagunaeye.com,,24100 El Toro Rd,Laguna Woods,CA,92637Natural,Laguna Niguel Optometry,4,(949) 495-1610,http://yelp.com/biz/laguna-niguel-optometry-laguna-niguel-3,http://www.lagunanigueloptometry.com/,,30001 Crown Valley PkwySte F,Laguna Niguel,CA,92677Natural,Larchmont Eyecare,4.5,(323) 467-7161,http://yelp.com/biz/larchmont-eyecare-los-angeles,http://larchmonteyecare.com,,321 N Larchmont BlvdSte 700,Los Angeles,CA,90004Natural,"Lars H Hertzog, MD FACS",5,(562) 421-2757,http://yelp.com/biz/lars-h-hertzog-md-facs-long-beach-2,http://www.eplb.com,,"Eye Physicians of Long Beach3325 Palo Verde Ave, Ste 105",Long Beach,CA,90808Natural,"Lasik Center Medical Group, Inc.",4.5,(949) 251-0229,http://yelp.com/biz/lasik-center-medical-group-inc-irvine-7,http://www.dralexandra.com,,"2192 Martin, Suite 135",Irvine,CA,92612Natural,Lasik Empire Medical Corp,5,(951) 687-5312,http://yelp.com/biz/lasik-empire-medical-corp-riverside,http://www.lasikempire.com/,,9496 Magnolia AveSte 102A,Riverside,CA,92503Natural,Lasik Eye Center,4.5,(213) 384-5222,http://yelp.com/biz/lasik-eye-center-los-angeles-2,http://www.leelasik.com,,3920 Wilshire Blvd,Los Angeles,CA,90010Natural,"Lawrence M Hopp, MD",4.5,(310) 275-7848,http://yelp.com/biz/lawrence-m-hopp-md-beverly-hills,http://bhcvc.com/,,8641 Wilshire BlvdSte 312,Beverly Hills,CA,90211Natural,Lee Eyecare,5,(626) 442-6620,http://yelp.com/biz/lee-eyecare-el-monte,http://www.leeeyecare.com,,10614 Lower Azusa Rd,El Monte,CA,91731Natural,Lenhardt Optometric Group,5,(714) 525-3350,http://yelp.com/biz/lenhardt-optometric-group-fullerton,http://www.fullertoneyecare.com/,,501 N Cornell Ave,Fullerton,CA,92831Natural,"Leon Hoffman, OD",5,(818) 241-7719,http://yelp.com/biz/leon-hoffman-od-glendale,http://www.hoffmanoptometry.com,,113 E Broadway,Glendale,CA,91205Natural,Lifetime Optometry,4,(951) 734-2001,http://yelp.com/biz/lifetime-optometry-corona,http://www.eyes4life.com/,,1400 W 6th StSte 101,Corona,CA,92882Natural,Lift MD Aesthetics,4.5,(310) 285-0400,http://yelp.com/biz/lift-md-aesthetics-beverly-hills,http://www.liftmd.com,,436 N Bedford DrSte 301,Beverly Hills,CA,90210Natural,Linda Vision,4,(800) 804-2020,http://yelp.com/biz/linda-vision-monterey-park,http://lindavision.com/,,511 E Garvey AveSte 201,Monterey Park,CA,91755Natural,Lingua Vision Surgical Group,5,(714) 870-2010,http://yelp.com/biz/lingua-vision-surgical-group-fullerton,http://www.lingualasik.com,,301 W Bastanchury Rd,Fullerton,CA,92835Natural,Live Life Optical,5,(562) 860-4590,http://yelp.com/biz/live-life-optical-lakewood-2,http://www.livelifeoptical.com,,11421 E Carson StSte D,Lakewood,CA,90715Natural,Long Beach Family Optometry,4.5,(562) 421-4488,http://yelp.com/biz/long-beach-family-optometry-long-beach,http://www.longbeachoptometry.com,,6332 E Spring St,Long Beach,CA,90815Natural,Los Alamitos Eyecare Optometry,5,(562) 430-0266,http://yelp.com/biz/los-alamitos-eyecare-optometry-los-alamitos,http://www.losalamitoseyecare.com,,10614 Los Alamitos Blvd,Los Alamitos,CA,90720Natural,Los Alamitos Optometry,4,(562) 795-6111,http://yelp.com/biz/los-alamitos-optometry-los-alamitos-2,http://www.losaloptometry.com,,10771 Los Alamitos Blvd,Los Alamitos,CA,90720Natural,Los Angeles EyeCare Optometry Group,5,(213) 628-7419,http://yelp.com/biz/los-angeles-eyecare-optometry-group-los-angeles-2,http://laeyecareoptometrygroup.com/,,334B E 2nd St,Los Angeles,CA,90012Natural,Los Angeles Vision Center,4,(323) 934-2020,http://yelp.com/biz/los-angeles-vision-center-los-angeles,http://www.losangelesvisioncenter.com/,,5856 Wilshire Blvd,Los Angeles,CA,90036Natural,Love Optometry,5,(949) 726-1696,http://yelp.com/biz/love-optometry-irvine,http://www.Loveoptometry.com,,13925 Yale AveSte 130,Irvine,CA,92620Natural,LT Optometry,4.5,(714) 775-3237,http://yelp.com/biz/lt-optometry-westminster,http://www.ltoptometry.com,,9842 Bolsa AveSte 104,Westminster,CA,92683Natural,"Luelinda Tomlin, OD",5,(562) 437-1276,http://yelp.com/biz/luelinda-tomlin-od-long-beach,http://www.tomlineyecare.com,,4409 E Los Coyotes Diagonal,Long Beach,CA,90815Natural,"Lunchick Eric, OD",4.5,(818) 885-1954,http://yelp.com/biz/lunchick-eric-od-northridge-2,http://www.northridgeoptical.com/,,8956 Corbin Ave,Northridge,CA,91324Natural,Luu Eye Care Optometry,4.5,(714) 494-1333,http://yelp.com/biz/luu-eye-care-optometry-westminster,http://www.luueyecare.com,,9351 Bolsa Ave,Westminster,CA,92683Natural,LVC Optometry,5,(714) 596-2258,http://yelp.com/biz/lvc-optometry-huntington-beach-2,http://www.lvcoptometry.com,,7251 Warner AveSte H,Huntington Beach,CA,92647Natural,Macy Eye Center,4.5,(310) 657-2777,http://yelp.com/biz/macy-eye-center-los-angeles,http://www.macyeyecenter.com,,8635 W 3rd StSte 360W,Los Angeles,CA,90048Natural,Maison Optique Optometric Center,4.5,(310) 325-7799,http://yelp.com/biz/maison-optique-optometric-center-torrance,http://www.maisonoptique.com,,3525 Pacific Coast HwySte E,Torrance,CA,90505Natural,Maloney Vision Institute,4.5,(310) 208-3937,http://yelp.com/biz/maloney-vision-institute-los-angeles-2,http://www.maloneyvision.com,,10921 Wilshire BlvdSte 900,Los Angeles,CA,90024Natural,Manhattan Beach Vision Group,4.5,(310) 545-4585,http://yelp.com/biz/manhattan-beach-vision-group-manhattan-beach,http://www.manhattanvision.com,,946 Manhattan Beach Blvd,Manhattan Beach,CA,90266Natural,Manio Vision Center,5,(310) 549-2020,http://yelp.com/biz/manio-vision-center-carson,https://sites.google.com/site/maniovisioncenterinc/home,,860 E Carson StSte 107,Carson,CA,90745Natural,Marina Optometry,5,(310) 577-6608,http://yelp.com/biz/marina-optometry-marina-del-rey,http://visionsource-marinaoptometry.com/,,588 Washington Blvd,Marina del Rey,CA,90292Natural,"Marinda Hofacre, OD",4,(909) 394-4545,http://yelp.com/biz/marinda-hofacre-od-san-dimas-2,http://www.hofacreoptometric.com/,,520 N Lone Hill Ave,San Dimas,CA,91773Natural,"Mark A Chung, OD",5,(323) 650-0337,http://yelp.com/biz/mark-a-chung-od-west-hollywood-2,http://www.drmarkchung.com,,8205 Santa Monica BlvdSte 15,West Hollywood,CA,90046Natural,"Mark A. Galvan, OD",4.5,(562) 698-0027,http://yelp.com/biz/mark-a-galvan-od-whittier,http://www.DrGalvan.com,,6711 Comstock Ave,Whittier,CA,90601Natural,Mark J Piekarski,4.5,(714) 990-2782,http://yelp.com/biz/mark-j-piekarski-brea-2,http://www.piekarskioptometry.com/,,255 E Imperial Hwy,Brea,CA,92821Natural,"Mark Kramar, MD",4.5,(818) 907-1038,http://yelp.com/biz/mark-kramar-md-encino,http://www.oaveyes.com,,16311 Ventura BlvdSte 750,Encino,CA,91436Natural,"Martin D Guevara, OD",4.5,(310) 376-3436,http://yelp.com/biz/martin-d-guevara-od-hermosa-beach,http://www.drg4eyes.com/,,1003 Hermosa Ave,Hermosa Beach,CA,90254Natural,"Martin Hyman, OD",4,(310) 208-3913,http://yelp.com/biz/martin-hyman-od-los-angeles,http://www.westwoodoptometriccenter.com,,Eye Martin Optometry918 Westwood Blvd,Los Angeles,CA,90024Ad,Medx Dermatology & Skin Care,5,(949) 481-8881,http://www.yelp.com/biz/medx-dermatology-and-skin-care-ladera-ranch,http://www.medxladera.com/,,777 Corporate DrSte 150,Ladera Ranch,CA,92694Natural,"Mel Honda, OD",5,(714) 543-9489,http://yelp.com/biz/mel-honda-od-santa-ana,http://drmelhonda.com,,1730 E 17th StSte G,Santa Ana,CA,92705Ad,Melamed Eye Care Optometry,4.5,(323) 746-9658,http://www.yelp.com/biz/melamed-eye-care-optometry-los-angeles,http://www.melamedeyecare.com,,8213 Beverly Blvd,Los Angeles,CA,90048Natural,Menifee Lakes Optometry,4.5,(951) 679-6910,http://yelp.com/biz/menifee-lakes-optometry-menifee,http://www.menifeeoptometry.com/,,30141 Antelope Rd,Menifee,CA,92584Natural,"Mercedeh Motameni, OD, FAAO",4.5,(310) 391-6311,http://yelp.com/biz/mercedeh-motameni-od-faao-culver-city,http://www.culvercityoptometry.com/,,4125 Sepulveda Blvd,Culver City,CA,90230Natural,"Michael P. DeCarlo, OD",4,(562) 986-6373,http://yelp.com/biz/michael-p-decarlo-od-long-beach,http://www.drdecarlo.net,,5724 E 7th St,Long Beach,CA,90803Natural,Miran Julie Kim Optometry,4,(805) 557-1055,http://yelp.com/biz/miran-julie-kim-optometry-thousand-oaks-2,http://www.tooptometry.com,,2322 E Thousand Oaks Blvd,Thousand Oaks,CA,91362Natural,Mission Hills Optometry,5,(818) 810-6887,http://yelp.com/biz/mission-hills-optometry-los-angeles,http://www.missionhillsoptometry.com,,15336 Devonshire StSte 4,Los Angeles,CA,91345Natural,Modern Eyewear Optometry,5,(949) 597-0104,http://yelp.com/biz/modern-eyewear-optometry-lake-forest-2,http://www.moderneyewear.com,,21098 Bake PkwySte 110,Lake Forest,CA,92630Natural,Modo Optometry,4.5,(310) 305-2950,http://yelp.com/biz/modo-optometry-marina-del-rey,http://www.modooptometry.com,,4718 3/4 Admiralty Way,Marina Del Rey,CA,90292Natural,"Mohsen Alinaghian, OD",4.5,(949) 250-4028,http://yelp.com/biz/mohsen-alinaghian-od-irvine,http://www.ocvisioncare.com,,"Barranca Medical Plaza62 Corporate Park, Ste 235",Irvine,CA,92606Ad,Montana Optometry,5,(310) 576-9191,http://www.yelp.com/biz/montana-optometry-santa-monica-2,http://montanaoptometry.com/,,1312 Montana Ave,Santa Monica,CA,90403Natural,Montebello Eye Center,5,(323) 728-7998,http://yelp.com/biz/montebello-eye-center-montebello,http://www.montebelloeyecenter.com/,,229 E Beverly Blvd,Montebello,CA,90640Natural,Montrose Eye Center Optometric,4.5,(818) 330-7555,http://yelp.com/biz/montrose-eye-center-optometric-montrose,http://www.losangeleseyeexam.com,,2490 Honolulu AveSte 140B,Montrose,CA,91020Natural,Moorpark Eye Care,4,(805) 529-5497,http://yelp.com/biz/moorpark-eye-care-moorpark,http://www.visionsource-drjwood.com/,,252 W Los Angeles AveSte G,Moorpark,CA,93021Natural,MyOptics Optometry,4.5,(714) 839-9915,http://yelp.com/biz/myoptics-optometry-westminster,http://myoptics.org,,9741 Bolsa AveSte 115,Westminster,CA,92683Natural,Nakano Optometric Group,4.5,(310) 316-6726,http://yelp.com/biz/nakano-optometric-group-torrance,http://www.doctornakano.com,,4201 Torrance BlvdSte 580,Torrance,CA,90503Natural,Nelson T Murata & Associates,5,(805) 522-7007,http://yelp.com/biz/nelson-t-murata-and-associates-simi-valley-2,http://www.nelsontmurataod.com/,,3885 Cochran StSte L,Simi Valley,CA,93063Natural,New York Style Optometry,4.5,(818) 705-1001,http://yelp.com/biz/new-york-style-optometry-van-nuys-2,http://newyorkstyleoptometry.com/,,17631 Sherman Way,Van Nuys,CA,91406Natural,Newport Eye Physicians,4.5,(949) 640-2010,http://yelp.com/biz/newport-eye-physicians-newport-beach-2,http://www.newporteyephysicians.com,,1441 Avocado AveSte 501,Newport Beach,CA,92660Natural,"Nicole K Kohan, MD",5,(714) 871-2570,http://yelp.com/biz/nicole-k-kohan-md-fullerton,http://www.mosiereyecenter.com,,265 Laguna Rd,Fullerton,CA,92835Natural,Norwalk Family Optometry,5,(562) 868-8233,http://yelp.com/biz/norwalk-family-optometry-norwalk,http://visionsource-drlarcabal.com/,,12029 Firestone Blvd,Norwalk,CA,90650Natural,Norwalk Vision Center,5,(562) 863-5807,http://yelp.com/biz/norwalk-vision-center-norwalk,http://www.drfishbergofnorwalk.com/,,12413 Norwalk Blvd,Norwalk,CA,90650Natural,Nuview Optometric Center,5,(949) 642-7882,http://yelp.com/biz/nuview-optometric-center-costa-mesa-2,http://www.nuviewoptometry.com,,2200 Harbor BlvdD130,Costa Mesa,CA,92627Natural,NVISION Eye Centers,5,(844) 824-2020,http://yelp.com/biz/nvision-eye-centers-torrance,http://nvisioncenters.com/lasik-torrance/,,"23550 Hawthorne BlvdSte 220, Bldg 1",Torrance,CA,90505Natural,OC Eye Designs Optometry,4.5,(714) 545-9162,http://yelp.com/biz/oc-eye-designs-optometry-costa-mesa,http://www.oceyedesigns.com/,,1545 Adams AveSte 100,Costa Mesa,CA,92626Natural,OC Eyecare Optometry,4.5,(714) 528-2566,http://yelp.com/biz/oc-eyecare-optometry-placentia-3,http://eyecareoptometry.net,,1201 N Rose DrSte 100,Placentia,CA,92870Natural,Ojaieyes Optometry,5,(805) 646-2020,http://yelp.com/biz/ojaieyes-optometry-ojai,http://www.ojaieyes.com,,216 E Matilija St,Ojai,CA,93023Natural,Oku Optometry,5,(323) 266-0222,http://yelp.com/biz/oku-optometry-monterey-park,http://www.okuoptometry.net,,2211 S Atlantic BlvdSte D,Monterey Park,CA,91754Ad,"Omar Krad, MD",5,(949) 364-6688,http://www.yelp.com/biz/omar-krad-md-mission-viejo,http://www.eyeoc.com,,27871 Medical Center RdSte 120,Mission Viejo,CA,92691Natural,Optica Vision Center,5,(424) 529-6645,http://yelp.com/biz/optica-vision-center-paramount,http://ccvoptica.com,,16259 Paramount Blvd,Paramount,CA,90723Natural,Optikos Optometry,4.5,(213) 386-0001,http://yelp.com/biz/optikos-optometry-los-angeles,http://www.optikosoptometry.com,,3680 Wilshire BlvdSte 108,Los Angeles,CA,90010Natural,Optique Optometry,4.5,(951) 277-0374,http://yelp.com/biz/optique-optometry-corona,http://www.optiqueoptometry.com,,2790 Cabot Dr,Corona,CA,92883Natural,Optometric Center of Moreno Valley,5,(951) 924-1877,http://yelp.com/biz/optometric-center-of-moreno-valley-moreno-valley,http://www.optocenters.com,,23000 Atlantic Cir,Moreno Valley,CA,92553Natural,Optometric Eye Institute P C,4,(213) 627-9771,http://yelp.com/biz/optometric-eye-institute-p-c-los-angeles,http://www.optometriceyeinstitute.net/,,842 S Broadway,Los Angeles,CA,90014Natural,Optometric Vision Experience,5,(951) 304-9733,http://yelp.com/biz/optometric-vision-experience-wildomar,http://www.optical-glasses-optometrist-wildomar-optometry.com,,23905 Clinton Keith RdSte 115,Wildomar,CA,92595Natural,Optometry Unlimited,4,(714) 557-7373,http://yelp.com/biz/optometry-unlimited-santa-ana-2,http://www.duncanoptometry.net,,3620 S Bristol StSte 101,Santa Ana,CA,92704Natural,Orange Coast Eye Center,4.5,(714) 546-2020,http://yelp.com/biz/orange-coast-eye-center-fountain-valley,http://www.orangecoasteyecenter.com,,18426 Brookhurst StSte 103,Fountain Valley,CA,92708Natural,Orange County Eye Institute,4.5,(949) 441-5444,http://yelp.com/biz/orange-county-eye-institute-laguna-hills,http://oceyeinstitute.com,,24411 Health Center DrSte 340,Laguna Hills,CA,92653Natural,"Osamu Ikeda, OD Optometry",4.5,(714) 827-7191,http://yelp.com/biz/osamu-ikeda-od-optometry-buena-park-2,http://www.ikedaoptometry.com,,8751 Valley View StSte A,Buena Park,CA,90620Natural,Pacific Eye Care,4.5,(714) 840-1366,http://yelp.com/biz/pacific-eye-care-huntington-beach,http://www.pacificeyecare.net,,16450 Bolsa Chica St,Huntington Beach,CA,92649Natural,Pacific EyeCare Center,4.5,(310) 390-6287,http://yelp.com/biz/pacific-eyecare-center-los-angeles,http://www.visionsource-pacificeyecare.com,,12461 W Washington Blvd,Los Angeles,CA,90066Ad,Pacific Optometry Group,5,(714) 590-2020,http://www.yelp.com/biz/pacific-optometry-group-garden-grove-2,http://www.pacificoptometry-group.com/,,12302 Garden Grove BlvdSte 6,Garden Grove,CA,92843Natural,Pacific Vision Care,4.5,(562) 867-2020,http://yelp.com/biz/pacific-vision-care-lakewood-3,http://pacificvisioncare.net,,5532 Woodruff Ave,Lakewood,CA,90713Natural,Partners Pacific Optometry,5,(714) 965-5130,http://yelp.com/biz/partners-pacific-optometry-fountain-valley-2,http://www.partnerspacific.com/,,10130 Warner AveSte J,Fountain Valley,CA,92708Natural,Paul C. Lee,5,(323) 933-3111,http://yelp.com/biz/paul-c-lee-los-angeles-3,http://www.ccrsclearvision.com,,4160 Wilshire Blvd2nd Fl,Los Angeles,CA,90010Natural,"Paul First, MD",4.5,(323) 462-6753,http://yelp.com/biz/paul-first-md-los-angeles,http://www.firstlasik.com,,7080 Hollywood Blvd,Los Angeles,CA,90028Natural,"Paul Snyder, OD",5,(805) 497-7373,http://yelp.com/biz/paul-snyder-od-thousand-oaks,http://www.drsnyder.org,,"Oakbrook Optometry2125 E Thousand Oaks Blvd, Ste A",Thousand Oaks,CA,91362Natural,"Pedram Youabian, OD",5,(818) 992-7283,http://yelp.com/biz/pedram-youabian-od-canoga-park,http://www.laidoc.com/,,21851 Victory Blvd,Canoga Park,CA,91303Natural,Peninsula Optometry,5,(714) 698-2626,http://yelp.com/biz/peninsula-optometry-huntington-beach,http://www.peninsulaoptometry.com,,19051 Goldenwest StSte 102,Huntington Beach,CA,92648Natural,Personal Care Optometry,4,(818) 348-1266,http://yelp.com/biz/personal-care-optometry-woodland-hills,http://pcoptometry.com,,20121 Ventura BlvdSte 102,Woodland Hills,CA,91364Natural,Placentia Optometry,5,(714) 996-1136,http://yelp.com/biz/placentia-optometry-placentia,http://www.placentiaeyedoc.com/,,1428 N Kraemer Blvd,Placentia,CA,92870Natural,Plaza Optometry,5,(714) 557-7800,http://yelp.com/biz/plaza-optometry-santa-ana-2,http://www.plazaoptometry.co/,,3500 S Bristol StSte 202,Santa Ana,CA,92704Natural,Plaza Vision Optometry,4,(626) 912-3937,http://yelp.com/biz/plaza-vision-optometry-city-of-industry-2,http://www.plazavisionoptometry1.com,,18045 Gale Ave,City of Industry,CA,91748Natural,"Polan Gary, OD",5,(310) 459-0055,http://yelp.com/biz/polan-gary-od-pacific-palisades,http://www.drgarypolan.com,,970 Monument St,Pacific Palisades,CA,90272Natural,Porter Ranch Optometry,5,(818) 366-9664,http://yelp.com/biz/porter-ranch-optometry-northridge,http://www.porterranchoptometry.com,,11151 Tampa Ave,Northridge,CA,91326Natural,Positive Eye Ons Optometry,4.5,(323) 651-5646,http://yelp.com/biz/positive-eye-ons-optometry-los-angeles,http://www.positiveeyeons.com,,7629 Melrose Ave,Los Angeles,CA,90046Natural,Precision Vision Optometry,4.5,(562) 467-0813,http://yelp.com/biz/precision-vision-optometry-artesia,http://www.precisionvisionoptometry.com,,17801 Pioneer BlvdSte F,Artesia,CA,90701Natural,Premier Vision Optometry,4.5,(626) 446-6300,http://yelp.com/biz/premier-vision-optometry-arcadia,http://www.PVOptometry.com,,1 W Duarte RdSte B,Arcadia,CA,91007Natural,Private Eyes Optometry,5,(714) 769-2020,http://yelp.com/biz/private-eyes-optometry-orange,http://www.privateeyesoptometry.com,,3612 E Chapman Ave,Orange,CA,92869Natural,Pro Boxing Equipment,4.5,(626) 793-3945,http://yelp.com/biz/pro-boxing-equipment-pasadena,http://www.proboxingequipment.com,,510 N Lake Ave,Pasadena,CA,91101Natural,Professional Vision Care Associates,4.5,(818) 789-3311,http://yelp.com/biz/professional-vision-care-associates-sherman-oaks,http://www.provisioncare.com,,14607 Ventura Blvd,Sherman Oaks,CA,91403Natural,Professional Visioncare,4.5,(323) 656-9550,http://yelp.com/biz/professional-visioncare-los-angeles,http://www.wehovisioncare.com,,8210 Santa Monica Blvd,Los Angeles,CA,90046Natural,Promenade Optometry and Lasik,4.5,(951) 296-2211,http://yelp.com/biz/promenade-optometry-and-lasik-temecula,http://www.promenadelasik.com,,40764 Winchester RdSte 580,Temecula,CA,92591Natural,PS Optometry,4.5,(562) 598-7673,http://yelp.com/biz/ps-optometry-long-beach,http://www.psoptometry.com,,8165 E Wardlow Rd,Long Beach,CA,90808Natural,"Ralph Hutter, OD",4.5,(714) 828-0600,http://yelp.com/biz/ralph-hutter-od-cypress-2,http://www.cypresseye.com/,,4049 Ball Rd,Cypress,CA,90630Ad,Rancho Cucamonga Optometric Center,5,(909) 493-6944,http://www.yelp.com/biz/rancho-cucamonga-optometric-center-rancho-cucamponga,http://www.ranchoeyedoctor.com,,7211-A Haven Ave,Rancho Cucamponga,CA,91701Natural,Rancho Santa Margarita Optometry,5,(949) 589-0900,http://yelp.com/biz/rancho-santa-margarita-optometry-rancho-santa-margarita,http://www.rsmoptometry.com/,,30212 TomasSte 170,Rancho Santa Margarita,CA,92688Natural,"Rebecca M Maravilla, OD, Inc",5,(714) 282-2888,http://yelp.com/biz/rebecca-m-maravilla-od-inc-anaheim-2,http://www.maravillaod.com/,,781 S Weir Canyon RdSte 195,Anaheim,CA,92808Ad,Remedy Skin And Body,5,(805) 416-0870,http://www.yelp.com/biz/remedy-skin-and-body-westlake-village,http://www.remedyskinandbody.com,,3723 E Thousand Oaks Blvd,Westlake Village,CA,91362Ad,Retina Institute of California,5,(800) 898-2020,http://www.yelp.com/biz/retina-institute-of-california-pomona,http://retina2020.com/,,160 E. Artesia St.Suite 120,Pomona,CA,91767Natural,Rialto Optometry Eyecare,5,(909) 421-2020,http://yelp.com/biz/rialto-optometry-eyecare-rialto-2,http://www.rialtoeyecare.com,,1610 S Riverside Ave,Rialto,CA,92376Natural,"Richard J Rishko, OD",5,(818) 340-5796,http://yelp.com/biz/richard-j-rishko-od-woodland-hills,http://valleyeyedoctors.com,,6800 Owensmouth AveSte 400,Woodland Hills,CA,91303Natural,Richard S Eisenberg,5,(818) 883-9562,http://yelp.com/biz/richard-s-eisenberg-woodland-hills-2,http://DrRichardSEisenberg.com,,Warner Center Optometry21835 1/2  Ventura Blvd,Woodland Hills,CA,91364Natural,"Richlin, OD & Associates",4.5,(310) 276-5333,http://yelp.com/biz/richlin-od-and-associates-beverly-hills-2,http://www.richlineye.com,,8907 Wilshire Blvd3rd Fl,Beverly Hills,CA,90211Natural,"Rick Nakasone, OD",5,(714) 543-3167,http://yelp.com/biz/rick-nakasone-od-santa-ana,http://www.ricknakasoneod.com,,2390 N Tustin AveSte B,Santa Ana,CA,92705Natural,Riviera Optometry,4.5,(310) 540-6225,http://yelp.com/biz/riviera-optometry-redondo-beach,http://rivieraoptometry.net,,1751 S Elena Ave,Redondo Beach,CA,90277Ad,"Robert B Seltzer, MD",4.5,(626) 449-3830,http://www.yelp.com/biz/robert-b-seltzer-md-pasadena,http://laserbeauty.com,,960 E Green StSte 108,Pasadena,CA,91106Natural,"Robert D Sacks, MD",5,(310) 275-6179,http://yelp.com/biz/robert-d-sacks-md-los-angeles,http://www.eyectr.com,,1125 S Beverly DrSte 710,Los Angeles,CA,90035Natural,"Robert L Shapiro, OD FAAO",5,(213) 627-5911,http://yelp.com/biz/robert-l-shapiro-od-faao-los-angeles,http://www.balfourshapiro.com,,555 S Broadway,Los Angeles,CA,90013Natural,"Robert Lin, MD",4,(626) 854-2020,http://yelp.com/biz/robert-lin-md-city-of-industry,http://www.iqlaservision.com/fs_ask_doctor.htm,,18725 Gale AveSte 140,City of Industry,CA,91748Natural,"Robert S Reiner, OD",4,(310) 513-6900,http://yelp.com/biz/robert-s-reiner-od-carson,http://www.carsonoptometrist.com,,21739 Avalon Blvd,Carson,CA,90745Natural,Robertson Optical,4.5,(310) 659-6949,http://yelp.com/biz/robertson-optical-beverly-hills,http://www.robertsonopticalbh.com/,,327 1/2 S Robertson Blvd,Beverly Hills,CA,90211Natural,"Rodrigo Torres, MD",5,(562) 427-5409,http://yelp.com/biz/rodrigo-torres-md-long-beach,http://longbeacheyecare.com,,2650 Elm AveSte 108,Long Beach,CA,90806Natural,Rosemead Optometry,5,(626) 573-2020,http://yelp.com/biz/rosemead-optometry-rosemead,http://www.rosemeadoptometry.com,,8748 Valley BlvdSte J,Rosemead,CA,91770Natural,"Ruben N Sanchez, MD",5,(626) 303-7788,http://yelp.com/biz/ruben-n-sanchez-md-duarte,http://www.anderssanchezeye.com,,931 Buena Vista StSte 204,Duarte,CA,91010Natural,Russ_____s Optical,5,(714) 572-8301,http://yelp.com/biz/russs-optical-placentia,http://www.russoptical.com,,310 E Orangethorpe Ave,Placentia,CA,92870Natural,"Ryan K Onishi, OD, AOC",5,(949) 496-0552,http://yelp.com/biz/ryan-k-onishi-od-aoc-san-juan-capistrano-2,http://www.missionoptometric.com,,31401 Rancho Viejo RdSte 103,San Juan Capistrano,CA,92675Natural,"Ryan Vida, O.D.",5,(818) 477-0798,http://yelp.com/biz/ryan-vida-o-d-westlake-village,http://www.doughertylaservision.com,,4353 Park Terrace DrSte 150,Westlake Village,CA,91361Natural,Saddleback Eye Center,4,(877) 351-3937,http://yelp.com/biz/saddleback-eye-center-laguna-hills,http://www.saddlebackeye.com,,23161 Moulton Pkwy,Laguna Hills,CA,92653Natural,"Sadiqa K. Stelzner, MD",4,(310) 829-5475,http://yelp.com/biz/sadiqa-k-stelzner-md-santa-monica-3,http://www.smeyegroup.com,,1908 Santa Monica Blvd,Santa Monica,CA,90404Natural,"Sally Oeung, OD",5,(714) 636-8850,http://yelp.com/biz/sally-oeung-od-garden-grove-2,http://www.drsallyoeung.com,,Walmart Supercenter11822 Gilbert St,Garden Grove,CA,92841Natural,"Sanford G. Koyama, OD, FAAO and Associates",5,(714) 968-9121,http://yelp.com/biz/sanford-g-koyama-od-faao-and-associates-fountain-valley,http://www.drsanfordkoyama.com,,18430 Brookhurst StSte 100,Fountain Valley,CA,92708Ad,Santa Clarita Family Optometry,5,(661) 255-2050,http://www.yelp.com/biz/santa-clarita-family-optometry-valencia-2,http://www.scfoptometry.com,,24212 Valencia Blvd,Valencia,CA,91355Natural,"Sarlitt, Richard OD",4,(949) 786-7888,http://yelp.com/biz/richard-sarlitt-od-irvine,http://drsarlitt.com,,5327 University Dr,Irvine,CA,92612Natural,"Saulny Stanley M, MD",4,(818) 907-1038,http://yelp.com/biz/saulny-stanley-m-md-encino,http://www.oaveyes.com,,16311 Ventura Blvd,Encino,CA,91436Natural,"Scott W Beeve, MD",4,(818) 790-8001,http://yelp.com/biz/scott-w-beeve-md-glendale,http://www.drbeeve.com/,,1809 Verdugo BlvdSte 150,Glendale,CA,91208Natural,Sea View Optometric Center,4,(562) 439-0486,http://yelp.com/biz/sea-view-optometric-center-long-beach-2,http://www.seaviewoptometry.com,,328 Redondo Ave,Long Beach,CA,90814Natural,Sears Optical,4.5,(310) 393-5503,http://yelp.com/biz/sears-optical-santa-monica,http://www.searsoptical.com,,Sears302 Colorado Ave,Santa Monica,CA,90401Natural,See 20/20 Optometry,5,(714) 957-2704,http://yelp.com/biz/see-20-20-optometry-santa-ana-2,http://www.see2020optometry.com/,,3930 S Bristol StSte 207,Santa Ana,CA,92704Natural,See World Optometry,4,(818) 888-5450,http://yelp.com/biz/see-world-optometry-woodland-hills,http://www.seeworldoptometry.com/,,21918 Ventura Blvd,Woodland Hills,CA,91364Natural,"Shapiro David R, MD",5,(805) 339-0566,http://yelp.com/biz/shapiro-david-r-md-ventura-3,http://www.shapirolaser.com,,Shapiro Laser Eye Center1280 S Victoria Ave Ste 260,Ventura,CA,93003Natural,Sharper Vision Centers,5,(310) 792-1010,http://yelp.com/biz/sharper-vision-centers-torrance,http://www.sharpervisioncenters.com,,4201 Torrance BlvdSte 520,Torrance,CA,90503Ad,"Sheila Nazarian, MD",5,(310) 659-0500,http://www.yelp.com/biz/sheila-nazarian-md-beverly-hills,http://www.nazarianplasticsurgery.com,,8929 Wilshire BlvdSte 415,Beverly Hills,CA,90211Natural,"Sheldon B Pitluk, OD",5,(562) 924-0950,http://yelp.com/biz/sheldon-b-pitluk-od-cerritos-2,http://www.drpitluk.com,,11243 183rd St,Cerritos,CA,90703Natural,"Shermin Lahijani, OD",5,(323) 667-2102,http://yelp.com/biz/shermin-lahijani-od-los-angeles-3,http://www.hollywoodoptometrist.com/,,1300 N Vermont AveSte 703,Los Angeles,CA,90027Natural,Sierra Eye & Laser Institute,5,(714) 647-1200,http://yelp.com/biz/sierra-eye-and-laser-institute-santa-ana,http://www.sierraeyelaser.com,,1200 N Tustin AveSte 130,Santa Ana,CA,92705Natural,Silver Lake Optometry,4,(323) 664-1996,http://yelp.com/biz/silver-lake-optometry-los-angeles,http://www.silverlakeoptometry.com,,2771 Rowena Ave,Los Angeles,CA,90039Natural,Smith Vision Center,4,(562) 864-5787,http://yelp.com/biz/smith-vision-center-norwalk,http://www.drsmith.org,,11821 Imperial Hwy,Norwalk,CA,90650Natural,Snyder Optometry,4.5,(626) 282-8493,http://yelp.com/biz/snyder-optometry-alhambra,http://snyderoptometry.com,,22 S Chapel Ave,Alhambra,CA,91801Natural,Society of the Spectacle,5,(323) 255-4300,http://yelp.com/biz/society-of-the-spectacle-los-angeles,http://www.societyspectacle.com,,4563 York Blvd,Los Angeles,CA,90041Natural,Somi Kim Optometry,5,(213) 736-0066,http://yelp.com/biz/somi-kim-optometry-los-angeles,http://www.drsomikim.com,,3053 W Olympic BlvdSte 105,Los Angeles,CA,90006Natural,"Song Julia, MD",5,(562) 427-0700,http://yelp.com/biz/song-julia-md-long-beach,http://www.drsongvision.com,,2840 Long Beach BlvdSte 330,Long Beach,CA,90806Natural,Soroudi Advanced Lasik & Eye Center,4.5,(310) 474-2010,http://yelp.com/biz/soroudi-advanced-lasik-and-eye-center-los-angeles-2,http://www.besteyes.info,,10884 Santa Monica Blvd2nd Fl,Los Angeles,CA,90025Natural,Soroudi Advanced Lasik & Eye Centers,4.5,(888) 495-0977,http://yelp.com/biz/soroudi-advanced-lasik-and-eye-centers-los-angeles,http://www.besteyes.info/,,16661 Ventura BlvdSte 826,Los Angeles,CA,91436Natural,South Bay Optometry,5,(310) 543-3555,http://yelp.com/biz/south-bay-optometry-torrance,http://www.southbayoptometry.net,,3537 Torrance BlvdSte 18,Torrance,CA,90503Natural,South Coast Retina Center,5,(310) 534-2209,http://yelp.com/biz/south-coast-retina-center-torrance,http://www.southcoastretinacenter.com/,,2601 Airport DrSte 210,Torrance,CA,90505Natural,South Corona Optometry,5,(951) 520-1212,http://yelp.com/biz/south-corona-optometry-corona,http://www.southcoronaoptometry.com,,2205 Vesper CirSte 104,Corona,CA,92879Ad,South County Eye Care Optometric Group,4.5,(949) 454-1064,http://www.yelp.com/biz/south-county-eye-care-optometric-group-lake-forest,http://www.southcountyeyecare.com,,23002 Lake Ctr Dr,Lake Forest,CA,92630Natural,South Pasadena Optometric Group,4.5,(626) 441-5300,http://yelp.com/biz/south-pasadena-optometric-group-south-pasadena,http://www.southpasadenaeyes.com,,729 Mission StSte 200,South Pasadena,CA,91030Natural,Southland Optometry,4.5,(818) 506-5955,http://yelp.com/biz/southland-optometry-studio-city,http://www.southlandoptometry.com,,11945 Ventura Blvd,Studio City,CA,91604Natural,SpecialEyes Optometry,5,(661) 298-3710,http://yelp.com/biz/specialeyes-optometry-santa-clarita-3,http://www.specialeyesoptometry.com,,18649 Via Princessa,Santa Clarita,CA,91387Natural,Spectrum Eyecare Optometry,4.5,(909) 394-0462,http://yelp.com/biz/spectrum-eyecare-optometry-san-dimas-2,http://www.SpectrumEyecareOptometry.com,,425 W Bonita AveSte 110B,San Dimas,CA,91773Natural,Stein Optometric Center,4.5,(818) 841-2393,http://yelp.com/biz/stein-optometric-center-burbank,http://www.steinoptometriccenter.com,,201 East Magnolia BlvdSuite 261,Burbank,CA,91502Natural,Sterling Optical,4.5,(626) 441-0770,http://yelp.com/biz/sterling-optical-south-pasadena,http://www.sterlingoptical.com/retailers/105,,1103 Fair Oaks Ave,South Pasadena,CA,91030Natural,"Steven A Cury, OD",5,(951) 696-5388,http://yelp.com/biz/steven-a-cury-od-murrieta,http://www.inlandeyespecialists.com,,"Inland Eye Specialists25395 Hancock Ave, Ste 100",Murrieta,CA,92562Natural,"Steven B Richlin, OD",5,(310) 276-5333,http://yelp.com/biz/steven-b-richlin-od-beverly-hills,http://www.richlineye.com,,8907 Wilshire Blvd3rd Fl,Beverly Hills,CA,90211Natural,"Steven J Chiana, OD",4.5,(714) 879-2020,http://yelp.com/biz/steven-j-chiana-od-fullerton-4,http://www.2020eyecarecenter.com,,1839 W Orangethorpe Ave,Fullerton,CA,92833Natural,"Steven S Bae, OD",4.5,(323) 938-5558,http://yelp.com/biz/steven-s-bae-od-los-angeles,http://drbaeod.com/,,5166 Wilshire Blvd,Los Angeles,CA,90036Natural,"Stuart B Stoll, MD",4,(310) 274-9205,http://yelp.com/biz/stuart-b-stoll-md-beverly-hills,http://www.cornell-eye.com,,450 North Bedford DriveSuite 101,Beverly Hills,CA,90210Natural,"Stuart Heller, OD",5,(805) 482-8849,http://yelp.com/biz/stuart-heller-od-camarillo-2,http://www.drstuartheller.com,,99 E Daily Dr,Camarillo,CA,93010Natural,StudioEyes Optometry,4,(818) 843-2214,http://yelp.com/biz/studioeyes-optometry-burbank,http://www.studioeyes.com,,3808 W Riverside DrSte 100,Burbank,CA,91505Natural,"Sumit Garg, MD",5,(949) 824-2020,http://yelp.com/biz/sumit-garg-md-irvine,http://www.eye.uci.edu,,UC irvine Health Gavin Herbert Eye Institute850 Health Sciences Rd,Irvine,CA,92617Natural,Summit Optometric Eye Care,5,(805) 250-1001,http://yelp.com/biz/summit-optometric-eye-care-simi-valley-2,http://www.simisummiteye.com/,,690 E Los Angeles AveSte A,Simi Valley,CA,93065Natural,Sung Kim Sunrise Optometry,5,(714) 738-5864,http://yelp.com/biz/sung-kim-sunrise-optometry-fullerton,http://www.sunriseoptometry.net/,,1028 Rosecrans Ave,Fullerton,CA,92833Natural,Super Vision Optical,4.5,(310) 623-4848,http://yelp.com/biz/supervision-optical-beverly-hills,http://www.supervisionoptical.com,,210 S Robertson Blvd,Beverly Hills,CA,90211Natural,Surf City Optometry,4.5,(714) 848-1400,http://yelp.com/biz/surf-city-optometry-huntington-beach,http://www.surfcityoptometry.com,,7192 Edinger Ave,Huntington Beach,CA,92647Natural,Target Optical,4.5,(818) 349-0811,http://yelp.com/biz/target-optical-northridge,http://clickserve.dartsearch.net/link/click?lid=43700006430793400,,8840 Corbin Ave,Northridge,CA,91324Natural,Tayani Institute,4,(949) 489-2218,http://yelp.com/biz/tayani-institute-san-clemente,http://www.Tayani.com,,653 Camino de Los MaresSte 103,San Clemente,CA,92673Natural,"Taylor Bladh, OD",4.5,(909) 861-3737,http://yelp.com/biz/taylor-bladh-od-diamond-bar-2,http://www.diamondbaroptometrist.com,,718 N Diamond Bar Blvd,Diamond Bar,CA,91765Natural,Temecula Creek Optometry,5,(951) 302-1331,http://yelp.com/biz/temecula-creek-optometry-temecula,http://www.temeculacreekoptometrist.com,,31333 Temecula PkwySte 140,Temecula,CA,92592Natural,Temecula Valley Optometry,5,(951) 676-9465,http://yelp.com/biz/temecula-valley-optometry-temecula-2,http://www.drwink.com,,30520 Rancho California RdSte A106,Temecula,CA,92591Natural,The Dental Office on Red Hill,4,(949) 381-0597,http://yelp.com/biz/the-dental-office-on-red-hill-irvine,http://www.DentalOfficeOnRedHill.com/?sc_cid=Yelp_Listing,,17010 Red Hill AveSte D,Irvine,CA,92614Natural,The District Eye Care Optometry,4.5,(714) 258-7525,http://yelp.com/biz/the-district-eye-care-optometry-tustin-2,http://www.thedistricteyecare.com,,2831 Park Ave,Tustin,CA,92782Natural,The Eye Doctor Optometry,5,(714) 210-3405,http://yelp.com/biz/the-eye-doctor-optometry-westminster,http://www.theeyedoctoroptometry.com,,9972 Bolsa AveSte 105,Westminster,CA,92683Natural,The Eye Shop Optometry,5,(626) 446-3937,http://yelp.com/biz/the-eye-shop-optometry-arcadia,http://www.shoptometry.com,,288 E Live Oak AveSte D,Arcadia,CA,91006Natural,The EyeSite An Optometric Group,4,(310) 820-2020,http://yelp.com/biz/the-eyesite-an-optometric-group-los-angeles-2,http://www.eyesitela.com/,,11777 San Vicente BlvdSte 130,Los Angeles,CA,90049Natural,The Optometric Group,5,(951) 359-3377,http://yelp.com/biz/the-optometric-group-riverside,http://www.theoptometricgroup.com,,3824 La Sierra Ave,Riverside,CA,92505Natural,The Optometrist,4.5,(714) 990-9311,http://yelp.com/biz/the-optometrist-brea,http://www.breamalloptometrist.com,,2049 Brea Mall Way,Brea,CA,92821Natural,The Orange County LASIK Institute,5,(949) 450-2020,http://yelp.com/biz/the-orange-county-lasik-institute-irvine,http://www.2020orangecounty.com,,3500 Barranca PkwySte 150,Irvine,CA,92606Natural,The Perfect Smile,4.5,(626) 570-1818,http://yelp.com/biz/the-perfect-smile-alhambra,http://perfectsmiledentist.com,,501 S Garfield Ave,Alhambra,CA,91801Natural,The Vision Center,4,(661) 425-0716,http://yelp.com/biz/the-vision-center-santa-clarita,http://www.thevisioncenter.com/,,26506 Bouquet Canyon Rd,Santa Clarita,CA,91350Ad,Thousand Oaks Family Well Being,4.5,(805) 494-0800,http://www.yelp.com/biz/thousand-oaks-family-well-being-thousand-oaks,http://www.tofwb.net,,351 Rolling Oaks DriveSte 206,Thousand Oaks,CA,91361Natural,Tiffany T Nguyen OD,5,(805) 987-8705,http://yelp.com/biz/tiffany-t-nguyen-od-camarillo,http://www.miramareye.com,,Miramar Eye Specialists751 E Daily Dr,Camarillo,CA,93010Ad,"Tim Neavin, MD",5,(424) 285-0906,http://www.yelp.com/biz/tim-neavin-md-beverly-hills,http://www.artisanofbeauty.com,,9615 Brighton WaySte 303,Beverly Hills,CA,90210Natural,"Timothy P Olinger, OD",4.5,(310) 675-3939,http://yelp.com/biz/timothy-p-olinger-od-lawndale,http://www.visionsource-drolinger.com,,15725 Hawthorne BlvdSte 100,Lawndale,CA,90260Natural,"Timothy W Shannon, OD",5,(310) 395-5778,http://yelp.com/biz/timothy-w-shannon-od-santa-monica,http://www.visionsource-santamonica.com,,1234 7th StSte 2,Santa Monica,CA,90401Natural,Tina Beauty Salon & Supply,4,(714) 751-6028,http://yelp.com/biz/tina-beauty-salon-and-supply-santa-ana,http://tinasbeautysalonandsupply.com/,,3029 S Bristol St,Santa Ana,CA,92704Natural,"Tom Tooma, MD",5,(844) 824-2020,http://yelp.com/biz/tom-tooma-md-newport-beach,http://nvisioncenters.com/lasik-newport-beach/,,3501 Jamboree RdSte 1100,Newport Beach,CA,92660Natural,"Tony D. Vu, O.D., Inc",5,(714) 963-8349,http://yelp.com/biz/tony-d-vu-o-d-inc-fountain-valley,http://www.drtonyvu.com,,18120 Brookhurst StSuite 19,Fountain Valley,CA,92708Natural,"Torrance Eye Doctor - Paul S Hirano, OD",5,(310) 538-9797,http://yelp.com/biz/torrance-eye-doctor-paul-s-hirano-od-torrance-2,http://www.paulhirano.com,,2130 Redondo Beach BlvdSte G,Torrance,CA,90504Natural,Torrance Optometry,4.5,(310) 618-2244,http://yelp.com/biz/torrance-optometry-torrance,http://www.torranceoptometry.com/,,1261 Cabrillo AveSte 200,Torrance,CA,90501Natural,Total Vision Optometry,4.5,(562) 622-2200,http://yelp.com/biz/total-vision-optometry-downey,http://www.tvoptometry.com,,405 Stonewood Mall,Downey,CA,90241Natural,Triangle Eye Care Optometry,4.5,(562) 496-2020,http://yelp.com/biz/triangle-eye-care-long-beach-4,http://www.triangleeyecare.com/,,,Long Beach,CA,90808Natural,TriCounty Eye Institute,4,(951) 737-6363,http://yelp.com/biz/tricounty-eye-institute-corona,http://www.tricountyeyeinstitute.com,,1124 S Main StSte 101,Corona,CA,92882Natural,Tricounty Eye Institute,4,(951) 737-6402,http://yelp.com/biz/tricounty-eye-laser-vision-center-corona,http://coronaophthalmologist.com,,1124 South Main Street Suite # 102Suite # 102,Corona,CA,92882Natural,Tricounty Medical Aesthetics,5,(951) 737-6402,http://yelp.com/biz/solovisomd-facial-rejuvenation-centers-corona-2,http://tricountymedicalaesthetics.com,,1124 S Main St Ste 102,Corona,CA,92882Natural,UC irvine Health Gavin Herbert Eye Institute,4.5,(949) 824-2020,http://yelp.com/biz/uc-irvine-health-gavin-herbert-eye-institute-irvine,http://www.eye.uci.edu,,850 Health Sciences Rd,Irvine,CA,92697Natural,UCLA Laser Refractive Center,4.5,(310) 825-2737,http://yelp.com/biz/ucla-laser-refractive-center-los-angeles,http://uclaser.com,,300 Stein Plaza2nd Fl,Los Angeles,CA,90095Natural,"Uday Devgan, MD",5,(800) 337-1969,http://yelp.com/biz/uday-devgan-md-los-angeles-2,http://www.devganeye.com,,11600 Wilshire BlvdSte 200,Los Angeles,CA,90025Natural,University Eye Center at Fullerton - SCCO,4.5,(714) 449-7401,http://yelp.com/biz/university-eye-center-at-fullerton-scco-fullerton,http://www.ketchum.edu/uecfullerton,,2575 Yorba Linda Blvd,Fullerton,CA,92831Ad,USC Eye Institute,4.5,(800) 872-2273,http://www.yelp.com/biz/usc-eye-institute-los-angeles-2,http://eye.usc.edu/,,1450 San Pablo St4th Fl,Los Angeles,CA,90033Natural,Village Eyes Optometry,4.5,(310) 208-3011,http://yelp.com/biz/village-eyes-optometry-los-angeles,http://www.villageeyes.com,,1059 Gayley Ave,Los Angeles,CA,90024Natural,Vision Boutique Optometry,5,(714) 282-9797,http://yelp.com/biz/vision-boutique-optometry-anaheim,http://vboptometry.com,,8018 E Santa Ana Canyon RdSte 102,Anaheim,CA,92808Natural,Vision Development Center,5,(818) 344-3937,http://yelp.com/biz/vision-development-center-encino,http://www.visualprocessing.com,,"6345 Balboa BlvdBldg 3, Ste 250",Encino,CA,91316Natural,Vision One Optometry,4,(626) 788-3985,http://yelp.com/biz/vision-one-optometry-pasadena-2,http://www.visiononeoptometry.com,,709 E Colorado BlvdSte 101,Pasadena,CA,91101Natural,Visionary Optometry Inc,5,(310) 372-5213,http://yelp.com/biz/visionary-optometry-inc-hermosa-beach,http://www.drkenchu.com,,1200 Artesia BlvdSte 1,Hermosa Beach,CA,90254Natural,Visionworks Optometry,4.5,(310) 452-1039,http://yelp.com/biz/visionworks-optometry-santa-monica,http://www.voptometry.com,,2605 Lincoln Blvd,Santa Monica,CA,90405Natural,"W. Sam Shields, OD & Associates",4.5,(805) 527-6164,http://yelp.com/biz/w-sam-shields-od-and-associates-simi-valley,http://www.drwsamshields4eyes.com,,2812 Cochran St,Simi Valley,CA,93065Natural,Warren J Reingold MD,4.5,(818) 763-3937,http://yelp.com/biz/warren-j-reingold-md-valley-village,http://www.reingoldeyecenter.com,,12139 Riverside Dr,Valley Village,CA,91607Natural,Weiss Cosmetic & Laser Procedures,5,(949) 720-1400,http://yelp.com/biz/weiss-cosmetic-and-laser-procedures-newport-beach,http://www.drweiss.com,,360 San Miguel DrSte 403,Newport Beach,CA,92660Natural,Wendell P Wong MD,4.5,(310) 784-2020,http://yelp.com/biz/wendell-p-wong-md-torrance,http://www.tlcvision.com/centers/torrance,,23550 Hawthorne BlvdSte #220,Torrance,CA,90505Natural,West Valley Optometry,4,(818) 348-4666,http://yelp.com/biz/west-valley-optometry-canoga-park,http://westvalleyoptometry.com,,8391 Topanga Canyon Blvd,Canoga Park,CA,91304Natural,Westmont Optometry,4.5,(310) 831-0841,http://yelp.com/biz/westmont-optometry-rancho-palos-verdes-2,http://www.westmontoptometry.com,,28356 S Western Ave,Rancho Palos Verdes,CA,90275Natural,"William N May, MD",4.5,(562) 698-3776,http://yelp.com/biz/william-n-may-md-whittier,http://www.williammaymd.com,,15141 E Whittier BlvdSte 480,Whittier,CA,90603Natural,Wink Optometry,4.5,(818) 222-9465,http://yelp.com/biz/wink-optometry-calabasas-2,http://www.winkoptometry.com,,4783 Commons WaySte C,Calabasas,CA,91302Natural,Woodbridge Optometry,4.5,(949) 857-0676,http://yelp.com/biz/woodbridge-optometry-irvine,http://www.woodbridgeoptometry.com/,,4505 Barranca ParkwaySte C,Irvine,CA,92604Natural,Woodbury Family Optometry,4.5,(949) 786-0143,http://yelp.com/biz/woodbury-family-optometry-irvine,http://www.visionsource-woodburyoptometry.com,,6270 Irvine Blvd,Irvine,CA,92620Natural,Woodcrest Vision Center Optometry,5,(951) 780-0270,http://yelp.com/biz/woodcrest-vision-center-optometry-riverside,http://WoodcrestVision.com,,17675 Van Buren BlvdSte C,Riverside,CA,92504Natural,Yang Optometric Center,4.5,(714) 970-0274,http://yelp.com/biz/yang-optometric-center-anaheim-hills,http://www.yangoptometric.com/,,5636 E La Palma AveSte A,Anaheim Hills,CA,92807Natural,"Yaron Rabinowitz, MD",5,(800) 701-4448,http://yelp.com/biz/yaron-rabinowitz-md-santa-clarita,http://www.laser-prk.com,,Cornea Eye Institute - Santa Clarita19000 Soledad Canyon Rd,Santa Clarita,CA,91351Natural,Yorba Linda Vision Center,5,(714) 996-6930,http://yelp.com/biz/yorba-linda-vision-center-yorba-linda-2,http://www.ylvisioncenter.com,,18282 Imperial Hwy,Yorba Linda,CA,92886Natural,Zdenek Eye Institute,4,(818) 708-2222,http://yelp.com/biz/zdenek-eye-institute-reseda,http://www.fyeye.com/,,7012 Reseda BlvdSte B,Reseda,CA,91335Ad,Ziggy_____s Optometry,4.5,(949) 423-3346,http://www.yelp.com/biz/ziggys-optometry-newport-beach,http://www.ziggysoptometry.com,,3417 Via Lido,Newport Beach,CA,92663