Ad?,Company Name,Stars,Phone Number,Yelp URL,Company URL,Email,Street Address,City,State,ZIP,Contacted?Ad,The Liposuction and Cosmetic Surgery Institute,N/A,(847) 259-1000,http://www.yelp.com/biz/the-liposuction-and-cosmetic-surgery-institute-arlington-heights,http://www.lipodoc.com,,1700 W Central Rd,Arlington Heights,IL,60005,Natural,The Geldner Center,4,(312) 981-4440,http://yelp.com/biz/the-geldner-center-chicago-2?osq=plastic+surgery,http://www.mygeldnercenter.com,,680 N Lake Shore DrSte 1325,Chicago,IL,60611,ContactedNatural,"Brian M Braithwaite, MD",5,(312) 258-9100,http://yelp.com/biz/brian-m-braithwaite-md-chicago-3?osq=plastic+surgery,http://www.aestheticinstitutechicago.com,,601 W Randolph St,Chicago,IL,60661,ContactedNatural,"George T Moynihan, MD - Gold Coast Plastic Surgery",5,(312) 988-9300,http://yelp.com/biz/george-t-moynihan-md-gold-coast-plastic-surgery-chicago?osq=plastic+surgery,http://www.goldcoastplasticsurgery.com,,1 E Erie StSte 640,Chicago,IL,60611,ContactedNatural,"Robert D. Galiano, MD",5,(312) 695-4778,http://yelp.com/biz/robert-d-galiano-md-chicago?osq=plastic+surgery,http://www.robertgalianomd.com,,675 N St Clair StSte 19-250,Chicago,IL,60611,ContactedNatural,Michael Horn Center For Cosmetic Surgery,4,(312) 202-9000,http://yelp.com/biz/michael-horn-center-for-cosmetic-surgery-chicago?osq=plastic+surgery,http://www.lakeshoreplasticsurgery.com,,60 E Delaware Pl15th Fl,Chicago,IL,60611,ContactedNatural,"Northwestern Specialists in Plastic Surgery, SC",4.5,(312) 266-6240,http://yelp.com/biz/northwestern-specialists-in-plastic-surgery-sc-chicago?osq=plastic+surgery,http://www.northwesternplastics.com,,676 N St. Clair StSte 1525A,Chicago,IL,60611,ContactedNatural,Orland Park Plastic Surgery,5,(708) 873-9600,http://yelp.com/biz/orland-park-plastic-surgery-orland-park?osq=plastic+surgery,http://www.orlandparkplasticsurgery.com,,8760 W 159th StSte 204,Orland Park,IL,60462,ContactedNatural,Chicago Institute of Plastic Surgery,4.5,(224) 238-3816,http://yelp.com/biz/chicago-institute-of-plastic-surgery-hoffman-estates-2?osq=plastic+surgery,http://www.ciplasticsurgery.com,,1800 McDonough Rd,Hoffman Estates,IL,60192,ContactedNatural,JW Plastic Surgery,5,(312) 642-0400,http://yelp.com/biz/jw-plastic-surgery-chicago-2?osq=plastic+surgery,http://www.jwplasticsurgery.com,,"Water Tower Place845 N Michigan Ave, Ste 980W",Chicago,IL,60611,ContactedNatural,Aesthetic Plastic Surgery Center of Barrington,5,(847) 382-4160,http://yelp.com/biz/aesthetic-plastic-surgery-center-of-barrington-south-barrington-2?osq=plastic+surgery,http://www.barringtonplasticsurgery.com,,20 Executive CtSte 3,South Barrington,IL,60010,ContactedNatural,Lakeview Plastic Surgery,5,(773) 883-8234,http://yelp.com/biz/lakeview-plastic-surgery-chicago?osq=plastic+surgery,http://www.lakeviewplasticsurgery.com,,3000 N Halsted StSte 707,Chicago,IL,60657,Natural,Chicagoland Aesthetics,4.5,(847) 884-8346,http://yelp.com/biz/chicagoland-aesthetics-schaumburg?osq=plastic+surgery,http://www.chicagolandaesthetics.com,,501 W Golf Rd,Schaumburg,IL,60195,ContactedNatural,The Art of Plastic Surgery,5,(773) 763-3990,http://yelp.com/biz/the-art-of-plastic-surgery-chicago-2?osq=plastic+surgery,http://www.theartofplasticsurgery.com,,5440 N Cumberland Ave# 105,Chicago,IL,60656,ContactedNatural,"Douglas Sidle, MD",4,(312) 695-8182,http://yelp.com/biz/douglas-sidle-md-chicago-2?osq=plastic+surgery,http://www.drsidle.com,,675 N St ClairGalter 15-200,Chicago,IL,60611,ContactedNatural,"Adam J Cohen, MD",4,(847) 834-0390,http://yelp.com/biz/adam-j-cohen-md-glenview?osq=plastic+surgery,http://www.theartofeyes.com,,2591 Compass RdSuite 115,Glenview,IL,60026,ContactedNatural,"John Kim, MD",5,(312) 695-6022,http://yelp.com/biz/john-kim-md-chicago?osq=plastic+surgery,http://www.drkimsurgery.com,,Northwestern Memorial Hospital675 N Saint Clair StSte 19-250,Chicago,IL,60611,ContactedNatural,"Beata Danek, MD",4,(773) 792-8181,http://yelp.com/biz/beata-danek-md-chicago?osq=plastic+surgery,http://www.drdanek.com,,New You Cosmetic Medicine5545 N Milwaukee Ave,Chicago,IL,60630,ContactedNatural,"Lawrence H Iteld, MD",5,(312) 757-4505,http://yelp.com/biz/lawrence-h-iteld-md-chicago?osq=plastic+surgery,http://www.driteld.com,,1460 N Halsted StSte 505,Chicago,IL,60642,ContactedNatural,Wiesman Cosmetic Surgery & Wellness Institute,4,(312) 981-1290,http://yelp.com/biz/wiesman-cosmetic-surgery-and-wellness-institute-chicago-7?osq=plastic+surgery,http://www.wiesmaninstitute.com,,712 N Dearborn St,Chicago,IL,60654,ContactedNatural,"David Shifrin, MD",5,(708) 229-2139,http://yelp.com/biz/david-shifrin-md-chicago?osq=plastic+surgery,http://www.davidshifrinmd.com,,680 North Lakeshore DrSte 1425,Chicago,IL,60611,ContactedNatural,Northwestern Institute of Cosmetic Surgery,5,(312) 988-7777,http://yelp.com/biz/northwestern-institute-of-cosmetic-surgery-chicago?osq=plastic+surgery,http://www.midwestearnosethroat.com,,3 East Huron St1st Fl,Chicago,IL,60611,ContactedNatural,St Charles Plastic Surgery,4.5,(630) 762-9697,http://yelp.com/biz/st-charles-plastic-surgery-saint-charles?osq=plastic+surgery,http://www.stcharlesplasticsurgery.com,,2900 Foxfield Rd Ste 201,Saint Charles,IL,60174,ContactedNatural,The Few Institute For Aesthetic Plastic Surgery,4,(312) 202-0882,http://yelp.com/biz/the-few-institute-for-aesthetic-plastic-surgery-chicago?osq=plastic+surgery,http://www.fewinstitute.com,,875 N Michigan Ave Ste 3850,Chicago,IL,60611,ContactedNatural,"Anthony P Terrasse, MD",5,(847) 234-2400,http://yelp.com/biz/anthony-p-terrasse-md-lake-forest-3?osq=plastic+surgery,http://www.terrasse.com,,700 N Westmoreland RdBldg D,Lake Forest,IL,60045,Natural,"Sandeep Jejurikar, MD",4.5,(630) 960-0023,http://yelp.com/biz/sandeep-jejurikar-md-downers-grove-4?osq=plastic+surgery,http://www.drjejurikar.com,,3800 Highland AveSte 106,Downers Grove,IL,60515,ContactedNatural,Chicago Plastic Surgery Experts,5,(815) 806-9400,http://yelp.com/biz/chicago-plastic-surgery-experts-frankfort?osq=plastic+surgery,http://www.plasticsurgeryexperts.net,,20635 Abbey Woods Ct NSte 202,Frankfort,IL,60423,ContactedNatural,Cosmetic & Plastic Surgery of Northwest Indiana,5,(219) 945-0669,http://yelp.com/biz/cosmetic-and-plastic-surgery-of-northwest-indiana-hobart?osq=plastic+surgery,http://cosmeticsurgeryofnwi.com,,7865 Grand Blvd,Hobart,IN,46342,ContactedNatural,Valley Plastic Surgery Center,4,(847) 836-3200,http://yelp.com/biz/valley-plastic-surgery-center-west-dundee?osq=plastic+surgery,http://www.valleyplasticsurgery.com,,350 S 8th St,West Dundee,IL,60118,ContactedNatural,"Anil Shah, MD FACS SC",4.5,(312) 944-0117,http://yelp.com/biz/anil-shah-md-facs-sc-chicago?osq=plastic+surgery,http://www.shahfacialplastics.com,,845 N Michigan AveSte 934E,Chicago,IL,60611,ContactedNatural,"Michael Byun, MD",3.5,(847) 513-6899,http://yelp.com/biz/michael-byun-md-northbrook?osq=plastic+surgery,http://www.chicagocosmeticsurgery.com,,1775 Walters Ave,Northbrook,IL,60062,ContactedNatural,"Omeed Memar, MD",3.5,(312) 230-0180,http://yelp.com/biz/omeed-memar-md-chicago?osq=plastic+surgery,http://www.adsci.com,,50 E Washington StSte 200,Chicago,IL,60602,Natural,"Peter E Johnson, MD, FACS",4,(847) 296-5470,http://yelp.com/biz/peter-e-johnson-md-facs-des-plaines?osq=plastic+surgery,http://peterejohnsonmd.com,,8901 Golf RdSte 204,Des Plaines,IL,60016,ContactedNatural,"Jeremy Warner, MD",4.5,(847) 504-2300,http://yelp.com/biz/jeremy-warner-md-northbrook?osq=plastic+surgery,http://plasticsurgery.northshore.orgour-team/jeremy-warner/,,501 Skokie Blvd,Northbrook,IL,60062,Natural,New Horizon Center For Cosmetic Surgery,3,(847) 674-4646,http://yelp.com/biz/new-horizon-center-for-cosmetic-surgery-skokie?osq=plastic+surgery,http://drturowski.com,,9843 Gross Point Rd,Skokie,IL,60076,ContactedNatural,Natural Beauty Med Spa,4,(312) 981-1291,http://yelp.com/biz/natural-beauty-med-spa-chicago?osq=plastic+surgery,http://www.naturalbeautymedspa.com,,712 N Dearborn St,Chicago,IL,60654,ContactedNatural,Chicago Cosmetic Surgery And Dermatology,4,(312) 245-9965,http://yelp.com/biz/chicago-cosmetic-surgery-and-dermatology-chicago-2?osq=plastic+surgery,http://www.chicagodermatology.com,,20 W Kinzie StSte 1130,Chicago,IL,60654,ContactedNatural,Ritacca Cosmetic Surgery & Medspa,3,(847) 978-0113,http://yelp.com/biz/ritacca-cosmetic-surgery-and-medspa-vernon-hills?osq=plastic+surgery,http://www.ritaccalasercenter.com,,230 Center DrSte 101,Vernon Hills,IL,60061,ContactedAd,Vein Clinics of America,N/A,(866) 981-8346,http://www.yelp.com/biz/vein-clinics-of-america-chicago,http://www.veinclinics.comwhy-choose-vca/clinic-locations/chicago-illinois/,,211 E. Ontario925,Chicago,IL,60611,Ad,Veins Without Surgery,N/A,(773) 697-4033,http://www.yelp.com/biz/veins-without-surgery-chicago,http://www.veinswithoutsurgery.com,,2335 W Fullerton Ave,Chicago,IL,60647,ContactedNatural,Whole Beauty Institute: John Q. Cook M.D.,5,(312) 751-2112,http://yelp.com/biz/john-q-cook-m-d-chicago-2?osq=plastic+surgery,http://www.johnqcookmd.com,,737 N Michigan AveSte 760,Chicago,IL,60611,ContactedNatural,"Michael A Epstein, MD",5,(847) 205-1680,http://yelp.com/biz/michael-a-epstein-md-northbrook?osq=plastic+surgery,http://www.maeplasticsurgery.com,,1535 Lake Cook RdSte 211,Northbrook,IL,60062,ContactedNatural,"James Platis, MD",5,(312) 377-3333,http://yelp.com/biz/james-platis-md-chicago-3?osq=plastic+surgery,http://www.cosmedicclinic.com,,58 East Walton StSte 300,Chicago,IL,60611,ContactedNatural,"Ronald H. Stefani, MD",5,(630) 495-1000,http://yelp.com/biz/ronald-h-stefani-md-lombard?osq=plastic+surgery,http://www.drstefani.com,,629 S Main St,Lombard,IL,60148,ContactedNatural,Michael J Lee MD,5,(312) 926-5800,http://yelp.com/biz/michael-j-lee-md-chicago?osq=plastic+surgery,http://www.michaeljleemd.com,,676 N St ClairSte 2010,Chicago,IL,60611,ContactedNatural,"Kenneth L Stein, MD, FACS",3,(312) 828-0060,http://yelp.com/biz/kenneth-l-stein-md-facs-chicago-3?osq=plastic+surgery,http://www.steinsurg.com,,414 N Orleans StSte 209,Chicago,IL,60610,ContactedNatural,Concierge Mobile Medical Spa,5,(630) 715-2853,http://yelp.com/biz/concierge-mobile-medical-spa-chicago?osq=plastic+surgery,http://www.conciergemedspa.com,,,Chicago,IL,60614,ContactedNatural,"Drs Girgis & Associates, S.C.",3.5,(630) 323-5214,http://yelp.com/biz/drs-girgis-and-associates-s-c-hinsdale?osq=plastic+surgery,http://www.girgisent.com,,908 N Elm StSuite 306 &amp; 315,Hinsdale,IL,60521,ContactedNatural,"Florence Mussat, MD SC",5,(312) 751-9000,http://yelp.com/biz/florence-mussat-md-sc-chicago?osq=plastic+surgery,http://www.fmussatmd.com,,680 N Lake Shore DrSte 1030,Chicago,IL,60611,ContactedNatural,"Sam J Speron, MD FACS",2,(847) 696-9900,http://yelp.com/biz/sam-j-speron-md-facs-park-ridge?osq=plastic+surgery,http://www.prplastic.com,,950 N Northwest HwySte 102,Park Ridge,IL,60068,ContactedNatural,Ashpole Bradley MD,5,(847) 884-8346,http://yelp.com/biz/ashpole-bradley-md-schaumburg?osq=plastic+surgery,http://ashpoleplasticsurgery.com,,501 W Golf Rd,Schaumburg,IL,60159,ContactedNatural,Chicago Breast and Body Aesthetics,5,(312) 846-1529,http://yelp.com/biz/chicago-breast-and-body-aesthetics-chicago?osq=plastic+surgery,http://www.chicagobreastandbody.com,,1 E Erie StSte 242,Chicago,IL,60611,ContactedNatural,"Otto J Placik, MD",5,(847) 398-1660,http://yelp.com/biz/otto-j-placik-md-arlington-heights?osq=plastic+surgery,http://www.bodysculptor.com,,880 W Central RdSuite 3100,Arlington Heights,IL,60005,ContactedNatural,Center for Cosmetic & Reconstructive Surgery,2,(847) 577-6400,http://yelp.com/biz/center-for-cosmetic-and-reconstructive-surgery-arlington-heights?osq=plastic+surgery,http://www.drkotis.com,,3443 N Kennicott Ave,Arlington Heights,IL,60004,ContactedNatural,Women___‰ä‹¢s Institute Of Cosmetic & Laser Surgery,3,(630) 232-7860,http://yelp.com/biz/womens-institute-of-cosmetic-and-laser-surgery-geneva?osq=plastic+surgery,http://www.defyage.com,,2631 Williamsburg AveSte 102,Geneva,IL,60134,ContactedNatural,"Diane L Gerber, MD",3.5,(312) 654-8700,http://yelp.com/biz/diane-l-gerber-md-chicago?osq=plastic+surgery,http://www.gerbermd.com,,680 N Lake Shore DrSte 930,Chicago,IL,60611,ContactedNatural,"Anthony J Geroulis, MD, FICS",2.5,(800) 722-6404,http://yelp.com/biz/anthony-j-geroulis-md-fics-northfield?osq=plastic+surgery,http://www.geroulis.com,,"North Shore Center for Facial, Plastic &amp; Cosmetic Surgery330 W Frontage Rd",Northfield,IL,60093,ContactedNatural,Center for Cosmetic & Laser Surgery,5,(630) 851-3223,http://yelp.com/biz/center-for-cosmetic-and-laser-surgery-naperville?osq=plastic+surgery,http://www.cclscosmetic.com,,4425 Montgomery RdSte 102,Naperville,IL,60564,ContactedNatural,"Jay M Pensler, MD",4.5,(312) 642-7777,http://yelp.com/biz/jay-m-pensler-md-chicago?osq=plastic+surgery,http://plasticsurg.org,,680 N Lake Shore DrSte 1125,Chicago,IL,60611,ContactedNatural,Suburban Plastic Surgery,4,(630) 960-0023,http://yelp.com/biz/suburban-plastic-surgery-downers-grove?osq=plastic+surgery,http://www.maddaplasticsurgery.com,,3800 Highland Ave,Downers Grove,IL,60515,ContactedNatural,The John Bull Center for Cosmetic Surgery & Laser Medispa,4,(630) 717-6000,http://yelp.com/biz/the-john-bull-center-for-cosmetic-surgery-and-laser-medispa-naperville?osq=plastic+surgery,http://www.dupageplastics.com,,1307 Macom Dr,Naperville,IL,60564,Natural,"Steven H Dayan, MD, FACS",3,(312) 335-2070,http://yelp.com/biz/steven-h-dayan-md-facs-chicago?osq=plastic+surgery,http://www.drdayan.com,,845 N Michigan AveSte 923 E,Chicago,IL,60611,ContactedNatural,Dermatology & Plastic Surgery Associates,5,(815) 744-8554,http://yelp.com/biz/dermatology-and-plastic-surgery-associates-frankfort-2?osq=plastic+surgery,http://www.dpsamed.com,,20646 Abbey Woods Ct NSte 104,Frankfort,IL,60423,ContactedNatural,Steven Bloch MD - Body by Bloch,3.5,(847) 432-0840,http://yelp.com/biz/steven-bloch-md-body-by-bloch-highland-park?osq=plastic+surgery,http://www.bodybybloch.com,,1160 Park Ave WSte 2,Highland Park,IL,60035,ContactedNatural,NorthShore University HealthSystem Plastic Surgery,4,(847) 504-2300,http://yelp.com/biz/northshore-university-healthsystem-plastic-surgery-northbrook?osq=plastic+surgery,http://plasticsurgery.northshore.org,,501 Skokie Blvd,Northbrook,IL,60062,ContactedNatural,Midwest Plastic and Reconstructive Surgery,5,(224) 567-8841,http://yelp.com/biz/midwest-plastic-and-reconstructive-surgery-glenview?osq=plastic+surgery,http://www.midwestprs.com,,5645 W Addison St,Glenview,IL,60025,ContactedNatural,Hanna Facial Cosmetic Surgery,1,(630) 887-8180,http://yelp.com/biz/hanna-facial-cosmetic-surgery-hinsdale-2?osq=plastic+surgery,http://www.hannamd.com,,12 Salt Creek LnSte 315,Hinsdale,IL,60521,ContactedNatural,Cosmetic & Plastic Surgery Associates,5,(815) 363-7880,http://yelp.com/biz/cosmetic-and-plastic-surgery-associates-mchenry?osq=plastic+surgery,http://www.bushnickplasticsurgery.com,,4309 Medical Ctr DrSte B210,McHenry,IL,60050,ContactedNatural,Pinski Dermatology & Cosmetic Surgery Sc,3.5,(312) 263-4625,http://yelp.com/biz/pinski-dermatology-and-cosmetic-surgery-sc-chicago?osq=plastic+surgery,http://www.pinskiderm.com,,150 N Michigan AveSte 1200,Chicago,IL,60601,ContactedNatural,"Metropolitan, MD",4,(847) 832-6700,http://yelp.com/biz/metropolitan-md-glenview-2?osq=plastic+surgery,http://www.metropolitanmds.com,,2350 Ravine WaySte 400,Glenview,IL,60025,ContactedNatural,Elysa Fisher Women___‰ä‹¢s Lifecenter,3,(847) 256-9400,http://yelp.com/biz/elysa-fisher-womens-lifecenter-wilmette?osq=plastic+surgery,http://www.elysafisher.com,,118 Skokie Blvd,Wilmette,IL,60091,ContactedNatural,Sweis Iliana MD Plastic Surgery,5,(312) 932-9900,http://yelp.com/biz/sweis-iliana-md-plastic-surgery-chicago?osq=plastic+surgery,http://www.northshoresurgery.com,,680 North Lake Shore DriveSuite 930,Chicago,IL,60607,ContactedNatural,"Pelletiere Vincent, MD",4.5,(847) 358-9444,http://yelp.com/biz/pelletiere-vincent-md-inverness?osq=plastic+surgery,http://www.pelletieresurgery.comphysicians/,,1602 W Colonial Pkwy,Inverness,IL,60067,ContactedNatural,Lawrence Martin,4.5,(847) 255-7773,http://yelp.com/biz/lawrence-martin-arlington-heights?osq=plastic+surgery,http://www.lawrencemartinmd.com,,1430 N Arlington Heights Rd,Arlington Heights,IL,60004,Natural,Burt & Will Plastic Surgery and Laser Centre,N/A,(815) 267-8830,http://yelp.com/biz/burt-and-will-plastic-surgery-and-laser-centre-plainfield?osq=plastic+surgery,http://www.burtplasticsurgery.com,,24600 W 127th St,Plainfield,IL,60585,ContactedNatural,David A Ross MD,4,(312) 266-8765,http://yelp.com/biz/david-a-ross-md-chicago?osq=plastic+surgery,http://www.thecosmeticsurgeryinstitute.com,,875 N Rush St,Chicago,IL,60611,ContactedNatural,Shen Shen Health & Harmony,4.5,(773) 935-4325,http://yelp.com/biz/shen-shen-health-and-harmony-chicago?osq=plastic+surgery,http://www.shenshenhealth.com,,2764 N Lincoln Ave,Chicago,IL,60614,ContactedNatural,University Dental Professionals,3.5,(773) 684-5702,http://yelp.com/biz/university-dental-professionals-chicago?osq=plastic+surgery,http://www.udpdentistry.net,,5549 S Cornell Ave,Chicago,IL,60637,ContactedNatural,"Daniel S Tresley, MD",2.5,(847) 291-6900,http://yelp.com/biz/daniel-s-tresley-md-northbrook?osq=plastic+surgery,http://www.danieltresleymd.com,,500 Skokie BlvdSte 120,Northbrook,IL,60062,ContactedNatural,Baptist Family Dental,5,(773) 233-1249,http://yelp.com/biz/baptist-family-dental-chicago?osq=plastic+surgery,http://www.baptistfamilydental.com,,3838 W 111th StSte 111,Chicago,IL,60655,Natural,"Your Medicos, S.C.",3.5,(847) 850-5882,http://yelp.com/biz/your-medicos-s-c-buffalo-grove-2?osq=plastic+surgery,http://yourmedicos.com,,1300 Busch Pkwy,Buffalo Grove,IL,60089,ContactedNatural,"Leonard Covello, MD",5,(219) 836-8100,http://yelp.com/biz/leonard-covello-md-munster-2?osq=plastic+surgery,http://www.covellosinuscenter.com,,900 Ridge RdSte E,Munster,IN,46321,ContactedNatural,Sono Bello Body Contour Center,5,(847) 278-2044,http://yelp.com/biz/sono-bello-body-contour-center-schaumburg?osq=plastic+surgery,http://www.sonobello.comliposuction-chicago,,1051 Perimeter Dr.,Schaumburg,IL,60173,ContactedNatural,Kagan Robert S MD,3,(847) 952-9333,http://yelp.com/biz/kagan-robert-s-md-elk-grove-village?osq=plastic+surgery,http://www.kaganplasticsurgeryofchicago.com,,800 Biesterfield RdSte 302,Elk Grove Village,IL,60007,ContactedNatural,Fenner Plastic Surgery & Medical Spa,4,(847) 716-2400,http://yelp.com/biz/fenner-plastic-surgery-and-medical-spa-kenilworth?osq=plastic+surgery,http://www.fennerplasticsurgery.com,,512 Green Bay Rd,Kenilworth,IL,60043,Natural,TLKM Plastic Surgery,N/A,(312) 788-2560,http://yelp.com/biz/tlkm-plastic-surgery-chicago?osq=plastic+surgery,http://www.drthomasmustoe.com,,737 N Michigan AveSte 1500,Chicago,IL,60611,ContactedNatural,Depoli Plastic & Reconstructive Surgery,5,(847) 983-8554,http://yelp.com/biz/depoli-plastic-and-reconstructive-surgery-skokie-2?osq=plastic+surgery,http://www.pdepolimd.com,,4711 Golf RdSte 900,Skokie,IL,60076,Natural,Lakeview Downtown OMS + Med Spa,4,(773) 327-9500,http://yelp.com/biz/lakeview-downtown-oms-med-spa-chicago?osq=plastic+surgery,http://www.lakeviewomsmedspa.com,,1628 W Belmont Ave,Chicago,IL,60657,ContactedNatural,University Plastic Surgery,N/A,(847) 967-5122,http://yelp.com/biz/university-plastic-surgery-morton-grove?osq=plastic+surgery,http://www.uplasticsurgery.com,,9000 Waukegan Rd,Morton Grove,IL,60053,ContactedNatural,Kouris George MD,5,(312) 432-2850,http://yelp.com/biz/kouris-george-md-chicago?osq=plastic+surgery,http://www.midwestplasticsurgery.org,,1611 W Harrison Street,Chicago,IL,60612,ContactedNatural,Casas Aesthetic Plastic Surgery,N/A,(847) 657-6884,http://yelp.com/biz/casas-aesthetic-plastic-surgery-glenview?osq=plastic+surgery,http://www.casas.md,,2050 Pfingsten Rdsuite 270,Glenview,IL,60026,ContactedNatural,Sharon Matz RN,5,(312) 213-1943,http://yelp.com/biz/sharon-matz-rn-chicago?osq=plastic+surgery,http://sharonmatzrn.com,,One E ErieSte 640,Chicago,IL,60611,ContactedNatural,Mi Face and Body,N/A,(312) 667-0400,http://yelp.com/biz/mi-face-and-body-chicago?osq=plastic+surgery,http://mifaceandbody.com,,737 N Michigan AveSte 903,Chicago,IL,60611,Natural,Chicago Cosmetic Institute - Dr. Karol A. Gutowski,5,(773) 989-1853,http://yelp.com/biz/chicago-cosmetic-institute-chicago?osq=plastic+surgery,http://www.chicagocosmeticinstitute.com,,2333 W. Irving Park Rd. Suite#3,Chicago,IL,60618,ContactedNatural,Chicago Eye Institute,4.5,(773) 296-8000,http://yelp.com/biz/chicago-eye-institute-chicago-3?osq=plastic+surgery,http://chicagoeyeinstitute.com,,836 W Wellington Ave,Chicago,IL,60657,Natural,"M Vincent Makhlouf, MD, FACS",5,(847) 297-8001,http://yelp.com/biz/m-vincent-makhlouf-md-facs-des-plaines?osq=plastic+surgery,http://www.enhancedform.com,,9301 Golf RdSte 110,Des Plaines,IL,60016,ContactedNatural,"John Bulger, MD",N/A,(630) 325-9430,http://yelp.com/biz/john-bulger-md-hinsdale-3?osq=plastic+surgery,http://www.johnbulgermd.com,,20 E Ogden Ave,Hinsdale,IL,60521,Natural,Lakeview Threading Salon,4.5,(773) 348-0250,http://yelp.com/biz/lakeview-threading-salon-chicago?osq=plastic+surgery,http://www.lakeviewthreadingsalon.com,,739 W Belmont Ave,Chicago,IL,60657,Ad,Chicago ENT,N/A,(773) 296-5500,http://www.yelp.com/biz/chicago-ent-chicago-3,http://chicagoent.com,,3000 N. Halsted StreetSuite 400,Chicago,IL,60657,Ad,"Gary Jay Barsky, M.D.",5,(872) 529-2694,http://www.yelp.com/biz/gary-jay-barsky-m-d-elmhurst,http://www.drbarsky.com,,386 N York RdSte 205,Elmhurst,IL,60126,Natural,Naperville Women___‰ä‹¢s Healthcare,4.5,(630) 717-9977,http://yelp.com/biz/naperville-womens-healthcare-naperville?osq=plastic+surgery,http://n-wh.org,,720 Brom CtSte 104,Naperville,IL,60540,Natural,"Lisa J. Peters, MD",4.5,(708) 524-1400,http://yelp.com/biz/lisa-j-peters-md-oak-park?osq=plastic+surgery,http://www.plasticsurgeryofchicago.com,,1010 Lake St,Oak Park,IL,60301,Natural,"Mark Sisco, MD",N/A,(847) 504-2300,http://yelp.com/biz/mark-sisco-md-northbrook?osq=plastic+surgery,http://plasticsurgery.northshore.orgOur_Team/Mark_Sisco/Person_Information.aspx,,Division of Plastic Surgery501 Skokie Blvd,Northbrook,IL,60062,Natural,Yessenow Plastic Surgery,N/A,(219) 836-8555,http://yelp.com/biz/yessenow-plastic-surgery-munster?osq=plastic+surgery,http://www.yesplasticsurgery.com,,9305 Calumet AveSte A-1,Munster,IN,46321,ContactedNatural,Renee Burke MD Plastic Surgery,N/A,(847) 382-4400,http://yelp.com/biz/renee-burke-md-plastic-surgery-barrington?osq=plastic+surgery,http://reneeburkemd.com,,"18 E Dundee RdBldg 3,Ste 200",Barrington,IL,60010,Natural,"Gregory A Turowski, MD",2,(847) 674-4646,http://yelp.com/biz/gregory-a-turowski-md-skokie?osq=plastic+surgery,http://www.newhorizonscenter.com,,9843 Gross Point Rd,Skokie,IL,60076,ContactedNatural,Shape Cosmetic Surgery,1,(773) 359-1275,http://yelp.com/biz/shape-cosmetic-surgery-hazel-crest?osq=plastic+surgery,http://www.shapechicagoland.com,,17577 Kedzie AveSte 108,Hazel Crest,IL,60429,ContactedAd,Life Line Screening,N/A,(866) 895-3361,http://www.yelp.com/biz/life-line-screening-chicago,http://www.lifelinescreening.com,,,Chicago,IL,60614,Natural,Plastic Surgery Chicago LLC,N/A,(312) 337-7795,http://yelp.com/biz/plastic-surgery-chicago-llc-chicago?osq=plastic+surgery,http://doctorwalton.com,,60 E Delaware PlSte 1430,Chicago,IL,60611,ContactedNatural,Allure Plastic Surgery,N/A,,http://yelp.com/biz/allure-plastic-surgery-chicago?osq=plastic+surgery,http://Alluresurgery.com,,737 N Michigan AveSte 903,Chicago,IL,60611,Natural,Lake County Plastic Surgery,N/A,(312) 771-1197,http://yelp.com/biz/lake-county-plastic-surgery-chicago?osq=plastic+surgery,http://www.lc-plasticsurgery.com,,680 N Lake Shore DrSte 1201,Chicago,IL,60611,ContactedNatural,"Robert Frank, MD",N/A,(219) 513-2015,http://yelp.com/biz/robert-frank-md-munster?osq=plastic+surgery,http://www.robertfrankmd.com,,931 Ridge RdSte A,Munster,IN,46321,Natural,The Midwest Sinus Center,N/A,(708) 444-1530,http://yelp.com/biz/the-midwest-sinus-center-tinley-park?osq=plastic+surgery,http://mwsinus.com,,18210 S LaGrange RdSte 206,Tinley Park,IL,60487,Natural,VitaSPAstudio,4.5,(630) 440-1514,http://yelp.com/biz/vitaspastudio-naperville-4?osq=plastic+surgery,http://www.vitaspastudio.com,,22 E Chicago AveSte 114-K,Naperville,IL,60540,Natural,"Gustavo E Galante, MD",N/A,(219) 322-3131,http://yelp.com/biz/gustavo-e-galante-md-schererville?osq=plastic+surgery,http://www.galantemd.com,,322 Indianapolis BlvdSte 103,Schererville,IN,46375,Natural,Northern Illinois Plastic Surgery,N/A,(630) 323-2369,http://yelp.com/biz/northern-illinois-plastic-surgery-hinsdale?osq=plastic+surgery,http://nipsltd.com,,950 N York Rd,Hinsdale,IL,60521,ContactedNatural,Aesthetic Plastic & Reconstructive Surgery,N/A,(630) 920-9404,http://yelp.com/biz/aesthetic-plastic-and-reconstructive-surgery-hinsdale?osq=plastic+surgery,http://www.hinsdaleplasticsurgery.com,,120 E OgdenSte 204,Hinsdale,IL,60521,Natural,Pedicute Nails & Spa,3.5,(773) 281-1754,http://yelp.com/biz/pedicute-nails-and-spa-chicago?osq=plastic+surgery,http://www.pedicutenails.com,,609 W Belmont Ave,Chicago,IL,60657,Natural,"Maves Cosmetic Surgery, Dermatology, and Vein Center",N/A,(847) 421-0071,http://yelp.com/biz/maves-cosmetic-surgery-dermatology-and-vein-center-beach-park?osq=plastic+surgery,http://www.mavesmedical.com,,11316 W Wadsworth Rd,Beach Park,IL,60099,Natural,Face and Body Plastic Surgery,N/A,(630) 794-0700,http://yelp.com/biz/face-and-body-plastic-surgery-naperville?osq=plastic+surgery,http://www.napervilleplasticsurgeon.net,,640 S Washington StSte 370,Naperville,IL,60540,ContactedNatural,Plastic Surgery Consultants of Dupage,N/A,(630) 462-6858,http://yelp.com/biz/plastic-surgery-consultants-of-dupage-wheaton?osq=plastic+surgery,http://pscod.comWelcome.html,,199 Town SqSte H,Wheaton,IL,60187,Natural,Suburban Plastic Surgery Assoc,N/A,(847) 755-1000,http://yelp.com/biz/suburban-plastic-surgery-assoc-hoffman-est?osq=plastic+surgery,http://www.suburbanplasticsurgery.com,,1585 Barrington Rd Ste 601,Hoffman Est,IL,60194,Natural,Rocco & Rocco,4.5,(630) 810-0400,http://yelp.com/biz/rocco-and-rocco-downers-grove?osq=plastic+surgery,http://roccoandroccosalonanddayspa.com,,5127 Main St,Downers Grove,IL,60515,Natural,Bliss Spa,3.5,(312) 266-9216,http://yelp.com/biz/bliss-spa-chicago?osq=plastic+surgery,http://www.blissworld.com,,644 N Lake Shore Dr,Chicago,IL,60611,Natural,Indiana Plastic Surgery,N/A,(219) 513-2100,http://yelp.com/biz/indiana-plastic-surgery-munster?osq=plastic+surgery,http://www.drobinsonmd.com,,10110 Donald S Powers DrSte 201A,Munster,IN,46321,ContactedNatural,Plastic & Resconstructive Surgery Center,N/A,(847) 577-6400,http://yelp.com/biz/plastic-and-resconstructive-surgery-center-arlington-heights?osq=plastic+surgery,http://www.plasticsurgerycenterchicago.com,,3443 N Kennicott Ave,Arlington Heights,IL,60004,ContactedNatural,"Debartolo H M, MD",N/A,(630) 859-1818,http://yelp.com/biz/debartolo-h-m-md-sugar-grove-2?osq=plastic+surgery,http://www.debartoloclinic.com,,11 Debartolo Dr,Sugar Grove,IL,60554,Natural,Sorelle,3.5,(773) 360-1111,http://yelp.com/biz/sorelle-chicago-3?osq=plastic+surgery,http://www.sorellechicago.com,,1905 W Division,Chicago,IL,60622,Natural,Lake View Dental Associates,4,(773) 473-6322,http://yelp.com/biz/lake-view-dental-associates-chicago?osq=plastic+surgery,http://lvdachicago.com,,1014 W Belmont Ave,Chicago,IL,60657,ContactedAd,Midwest Vein Center,5,(888) 400-8346,http://www.yelp.com/biz/midwest-vein-center-downers-grove-3,http://www.midwestvein.com,,2001 Butterfield RdSte 100,Downers Grove,IL,60515,Natural,"Douglas J Van Putten, MD FACS",N/A,(800) 653-7575,http://yelp.com/biz/douglas-j-van-putten-md-facs-michigan-city?osq=plastic+surgery,http://www.drvanputten.com,,8865 W 400 NSte 120,Michigan City,IN,46360,ContactedNatural,Versa Medi Spa,3.5,(847) 382-6800,http://yelp.com/biz/versa-medi-spa-barrington-2?osq=plastic+surgery,http://www.yourskinforlife.com,,Van Dam Dermatology and Laser Center738 W NW Hwy,Barrington,IL,60010,ContactedNatural,Jeta Skin Care and Laser Center,2,(312) 226-1851,http://yelp.com/biz/jeta-skin-care-and-laser-center-chicago?osq=plastic+surgery,http://www.jetaskincare.com,,1851 W Grand Ave,Chicago,IL,60622,ContactedNatural,Refresh by Mary,5,(773) 677-7245,http://yelp.com/biz/refresh-by-mary-chicago?osq=plastic+surgery,http://www.refreshbymary.com,,,Chicago,IL,60657,Natural,Northern Illinois Plastic Surgery Center,N/A,(815) 356-7000,http://yelp.com/biz/northern-illinois-plastic-surgery-center-crystal-lake?osq=plastic+surgery,http://www.nipsc.com,,5714 S Il Rte 31,Crystal Lake,IL,60014,Natural,Thrive Integrative Medical Spa,3.5,(312) 932-9500,http://yelp.com/biz/thrive-integrative-medical-spa-chicago-3?osq=plastic+surgery,http://www.thrivemedspa.com,,875 N Dearborn St3rd Fl,Chicago,IL,60611,ContactedNatural,Allure Skin & Laser Center,4.5,(630) 818-7546,http://yelp.com/biz/allure-skin-and-laser-center-addison-2?osq=plastic+surgery,http://www.allure630.com,,240 E Lake StSte 308,Addison,IL,60101,ContactedNatural,Vamoose Tattoo Removal,4,(773) 687-8620,http://yelp.com/biz/vamoose-tattoo-removal-chicago-3?osq=plastic+surgery,http://vamoosetattooremoval.com,,4347 N Lincoln Ave,Chicago,IL,60618,ContactedAd,Allergy Partners of Chicago,N/A,(773) 775-2600,http://www.yelp.com/biz/allergy-partners-of-chicago-chicago,http://www.allergypartners.comchicago/default.aspx,,7447 W Talcott AveSte 422,Chicago,IL,60631,Natural,"Reflexion Spa, a Warriors Retreat",5,(312) 600-8861,http://yelp.com/biz/reflexion-spa-chicago?osq=plastic+surgery,http://www.reflexionspa.com,,3416 North Sheffield,Chicago,IL,60657,Natural,For Eyes Optical,4,(630) 629-5044,http://yelp.com/biz/for-eyes-optical-lombard?osq=plastic+surgery,http://locations.foreyes.comIL/LOMBARD/LMB-057/,,637 E Roosevelt Rd,Lombard,IL,60148,Natural,TLC Laser Eye Center,4.5,(866) 596-2015,http://yelp.com/biz/tlc-laser-eye-center-westchester?osq=plastic+surgery,http://www.tlcvision.comcenters/chicago-westchester/?eventid=6880,,4 Westbrooke Corporate CenterSte 111,Westchester,IL,60154,Natural,Enfuse Medical Spa,4,(773) 904-8310,http://yelp.com/biz/enfuse-medical-spa-chicago?osq=plastic+surgery,http://enfusemedspas.com,,1645 W North Ave,Chicago,IL,60622,ContactedNatural,Lakeview Dermatology,3,(773) 281-9200,http://yelp.com/biz/lakeview-dermatology-chicago?osq=plastic+surgery,http://www.lakeviewderm.com,,3000 N Halsted StSte 409,Chicago,IL,60657,ContactedNatural,Aespala MedSpa & Plastic Surgery,5,(630) 574-7777,http://yelp.com/biz/aespala-medspa-and-plastic-surgery-oak-brook-2?osq=plastic+surgery,http://aespalamedspa.com,,1600 16th St,Oak Brook,IL,60523,ContactedAd,"Premier Allergy, Asthma and Sinus Care",N/A,(224) 244-7891,http://www.yelp.com/biz/premier-allergy-asthma-and-sinus-care-chicago,http://www.premier-allergy.com,,2073 N Clybourn Ave,Chicago,IL,60614,Ad,Northwestern Women___‰ä‹¢s Health Associates S.C.,N/A,(312) 440-9400,http://www.yelp.com/biz/northwestern-womens-health-associates-s-c-chicago-2,http://www.northwesternobgyn.com,,680 N Lake Shore DrSte 1200,Chicago,IL,60611,Natural,Thorek Memorial Hospital,2,(773) 525-6780,http://yelp.com/biz/thorek-memorial-hospital-chicago?osq=plastic+surgery,http://www.thorek.org,,850 W Irving Park Rd,Chicago,IL,60613,Natural,Derick Dermatology,3,(847) 381-8899,http://yelp.com/biz/derick-dermatology-barrington?osq=plastic+surgery,http://www.derickdermatology.com,,1531 S Grove AveSte 101,Barrington,IL,60010,ContactedNatural,Marketplace Vision,4.5,(312) 455-1306,http://yelp.com/biz/marketplace-vision-chicago?osq=plastic+surgery,http://www.marketplacevision.com,,1306 S Halsted St,Chicago,IL,60607,ContactedNatural,Chicago Hair Institute,5,(630) 932-9690,http://yelp.com/biz/chicago-hair-institute-oakbrook-terrace?osq=plastic+surgery,http://www.chicagohairinstitute.com,,1S280 Summit AveSte C4,Oakbrook Terrace,IL,60181,ContactedNatural,Evanston Hospital,4,(847) 570-2000,http://yelp.com/biz/evanston-hospital-evanston?osq=plastic+surgery,http://www.northshore.orglocations/evanston,,2650 Ridge Ave,Evanston,IL,60201,Natural,"Dean Toriumi, MD",2.5,(312) 255-8812,http://yelp.com/biz/dean-toriumi-md-chicago?osq=plastic+surgery,http://www.deantoriumiplasticsurgery.com,,900 N Michigan Ave,Chicago,IL,60611,Natural,Ryan Lee Healing,5,(773) 807-5564,http://yelp.com/biz/ryan-lee-healing-chicago-4?osq=plastic+surgery,http://ryanleehealing.com,,,Chicago,IL,60645,Natural,"Presence Saint Joseph Hospital, Chicago",3,(773) 665-3000,http://yelp.com/biz/presence-saint-joseph-hospital-chicago-chicago?osq=plastic+surgery,http://www.presencehealth.orglocations/hospitals/presence-saint-joseph-hospital-chicago,,2900 N Lake Shore Dr,Chicago,IL,60657,Natural,Illinois Sports Medicine and Orthopedic Surgery,4.5,(847) 213-5444,http://yelp.com/biz/illinois-sports-medicine-and-orthopedic-surgery-morton-grove?osq=plastic+surgery,http://www.ismosc.com,,9000 Waukegan RdSte 120,Morton Grove,IL,60053,Natural,Belleza Skin Care Institute,5,(630) 547-8040,http://yelp.com/biz/belleza-skin-care-institute-naperville?osq=plastic+surgery,http://www.bellezaskincare.com,,2155 City Gate LnSte 131,Naperville,IL,60563,Natural,Savon Spa,4,(773) 348-7873,http://yelp.com/biz/savon-spa-chicago?osq=plastic+surgery,http://www.savonspa.com,,3635 N Halsted St,Chicago,IL,60613,Natural,FreshSkin,2.5,(847) 681-8821,http://yelp.com/biz/freshskin-highland-park?osq=plastic+surgery,http://www.myfreshskin.com,,595 Elm PlSte 208,Highland Park,IL,60035,ContactedNatural,Dermatology & Aesthetics of Wicker Park,4,(773) 276-1100,http://yelp.com/biz/dermatology-and-aesthetics-of-wicker-park-chicago?osq=plastic+surgery,http://wickerparkderm.com,,1455 N Milwaukee Ave2nd Fl,Chicago,IL,60622,Natural,Serenity Day Spa,4.5,(708) 206-2750,http://yelp.com/biz/serenity-day-spa-flossmoor?osq=plastic+surgery,http://www.myserenitydayspa.com,,3329 Vollmer Rd,Flossmoor,IL,60422,Natural,Rush University Medical Center,3.5,(312) 942-5000,http://yelp.com/biz/rush-university-medical-center-chicago-3?osq=plastic+surgery,http://www.rush.edu,,1653 W Congress Pkwy,Chicago,IL,60612,Natural,Pandit Foot & Ankle Clinic,4,(708) 423-3668,http://yelp.com/biz/pandit-foot-and-ankle-clinic-evergreen-park?osq=plastic+surgery,http://www.panditfootandankle.com,,3830 W 95th StSte  104,Evergreen Park,IL,60805,ContactedNatural,2x10 Nail Studio,4,(773) 784-2121,http://yelp.com/biz/2x10-nail-studio-chicago-4?osq=plastic+surgery,http://www.2x10studio.com,,1962 W Montrose Ave,Chicago,IL,60613,Natural,Juana Shin,5,(312) 695-6022,http://yelp.com/biz/juana-shin-chicago?osq=plastic+surgery,http://northwesternplasticsurgery.comchicago-plastic-surgery/juana-shin-medical-aesthetician/,,"Northwestern Medicine675 N St Clair St, Ste 19",Chicago,IL,60611,ContactedNatural,Forever Young Medspa,5,(312) 861-1953,http://yelp.com/biz/forever-young-medspa-chicago-2?osq=plastic+surgery,http://www.feymedspa.com,,111 E Wacker Dr,Chicago,IL,60601,Ad,Illinois Allergy & Asthma Specialists,N/A,(847) 328-7909,http://www.yelp.com/biz/illinois-allergy-and-asthma-specialists-chicago,http://www.ilallergyasthma.com,,3000 N Halsted StSte 724,Chicago,IL,60657,Natural,Custom Eyes,4.5,(773) 975-2015,http://yelp.com/biz/custom-eyes-chicago?osq=plastic+surgery,http://www.customeyes2020.com,,2110 W Roscoe St,Chicago,IL,60618,Natural,Loyola University Medical Center,4,(888) 584-7888,http://yelp.com/biz/loyola-university-medical-center-maywood-3?osq=plastic+surgery,http://loyolamedicine.orgvisit-us/loyola-hospital,,2160 S 1st Ave,Maywood,IL,60153,Natural,Timeless Spa and Salt Cave,3.5,(630) 428-0700,http://yelp.com/biz/timeless-spa-and-salt-cave-naperville?osq=plastic+surgery,http://www.timelessdayspa.com,,1324 E Ogden AveSte 100,Naperville,IL,60563,Natural,Rush Oak Park Hospital,3,(708) 383-9300,http://yelp.com/biz/rush-oak-park-hospital-oak-park?osq=plastic+surgery,http://www.roph.org,,520 S Maple Ave,Oak Park,IL,60304,Natural,Allyu Spa,4.5,(312) 755-1313,http://yelp.com/biz/allyu-spa-chicago-2?osq=plastic+surgery,http://www.allyuspa.com,,600 W Chicago Ave,Chicago,IL,60654,Natural,Advocate Illinois Masonic Medical Center,2.5,(773) 975-1600,http://yelp.com/biz/advocate-illinois-masonic-medical-center-chicago?osq=plastic+surgery,http://www.advocatehealth.commasonic,,836 W Wellington Ave,Chicago,IL,60657,Natural,Comprehensive Center For Women___‰ä‹¢s Medicine,3,(773) 435-1150,http://yelp.com/biz/comprehensive-center-for-womens-medicine-chicago?osq=plastic+surgery,http://www.ccwm.com,,1 E Delaware PlSte 501 &amp; 300,Chicago,IL,60611,ContactedNatural,Midwest Sports Medicine Institute,3,(815) 267-8825,http://yelp.com/biz/midwest-sports-medicine-institute-plainfield-2?osq=plastic+surgery,http://www.gomidwestsports.com,,24600 W 127th StSte 240,Plainfield,IL,60585,ContactedNatural,Advocate Lutheran General Hospital,3.5,(847) 723-2210,http://yelp.com/biz/advocate-lutheran-general-hospital-park-ridge?osq=plastic+surgery,http://www.advocatehealth.com,,1775 Dempster St,Park Ridge,IL,60068,Natural,"Gordon J Siegel, MD, FACS",3,(312) 988-7777,http://yelp.com/biz/gordon-j-siegel-md-facs-chicago?osq=plastic+surgery,http://midwestearnosethroat.com,,"Midwest ENT3 E Huron St, 1st Fl",Chicago,IL,60611,Natural,Merz Apothecary,4.5,(773) 989-0900,http://yelp.com/biz/merz-apothecary-chicago?osq=plastic+surgery,http://merzapothecary.com,,4716 N Lincoln Ave,Chicago,IL,60625,Natural,Blueberry Moon - An Aveda Lifestyle Salon Spa,4.5,(773) 529-3333,http://yelp.com/biz/blueberry-moon-an-aveda-lifestyle-salon-spa-chicago?osq=plastic+surgery,http://www.blueberrymoon.combb/,,2108 N Halsted St,Chicago,IL,60614,Natural,Balance Spa & Fitness Palmer House,4,(312) 422-1336,http://yelp.com/biz/balance-spa-and-fitness-palmer-house-chicago-2?osq=plastic+surgery,http://www.balancespachicago.com,,17 E Monroe St5th Fl,Chicago,IL,60603,Natural,Eye Society,4.5,(312) 640-2405,http://yelp.com/biz/eye-society-chicago?osq=plastic+surgery,http://www.eyesoc.com,,230 E Ohio StSuite 120,Chicago,IL,60611,Natural,Periodontics Ltd,4,(312) 641-2572,http://yelp.com/biz/periodontics-ltd-chicago?osq=plastic+surgery,http://www.periodonticsltd.com,,25 E Washington StSte 1125,Chicago,IL,60602,Natural,The Pain Stop Massage Therapy,4.5,(773) 342-2081,http://yelp.com/biz/the-pain-stop-massage-therapy-chicago?osq=plastic+surgery,http://painstopchicago.com,,1326 N Milwaukee Ave,Chicago,IL,60622,Natural,Summit Dermatology,4,(630) 627-3376,http://yelp.com/biz/summit-dermatology-villa-park?osq=plastic+surgery,http://www.oakbrookdermatology.com,,1S210 Summit Ave,Villa Park,IL,60181,Natural,Mojo Spa,4.5,(773) 235-6656,http://yelp.com/biz/mojo-spa-chicago?osq=plastic+surgery,http://www.mojospa.com,,1468 N Milwaukee Ave,Chicago,IL,60622,Natural,Foot Finesse,4,(847) 519-2188,http://yelp.com/biz/foot-finesse-schaumburg?osq=plastic+surgery,http://www.footfinesseil.com,,188 E Golf Rd,Schaumburg,IL,60173,Natural,Zoetica,N/A,(312) 280-0800,http://yelp.com/biz/zoetica-chicago?osq=plastic+surgery,http://www.zoetica.net,,1250 N Lasalle Blvd,Chicago,IL,60610,Natural,Walgreens,3,(773) 772-2370,http://yelp.com/biz/walgreens-chicago-143?osq=plastic+surgery,http://www.walgreens.comlocator/Walgreens-2001-N-MILWAUKEE-AVE-CHICAGO-IL-60647/id=9000,,2001 N Milwaukee Ave,Chicago,IL,60647,Natural,Visionary Eye Care Professionals,4,(773) 275-2538,http://yelp.com/biz/visionary-eye-care-professionals-chicago?osq=plastic+surgery,http://www.visionaryec.com,,5222 N Clark St,Chicago,IL,60640,ContactedNatural,Fitness Formula Clubs Oak Park,3,(708) 383-1114,http://yelp.com/biz/fitness-formula-clubs-oak-park-oak-park?osq=plastic+surgery,http://ffc.comhalstedstreet/,,1114 Lake St,Oak Park,IL,60301,Natural,Fitness Formula Clubs South Loop,3,(312) 360-1151,http://yelp.com/biz/fitness-formula-clubs-south-loop-chicago-2?osq=plastic+surgery,http://ffc.com,,1151 S State St,Chicago,IL,60605,Natural,B Rose Salon,4,(773) 296-9500,http://yelp.com/biz/b-rose-salon-chicago?osq=plastic+surgery,http://www.brosesalon.com,,3335 N Southport Ave,Chicago,IL,60657,Natural,Grove Dental Associates,4,(630) 969-5350,http://yelp.com/biz/grove-dental-associates-downers-grove?osq=plastic+surgery,http://www.grovedental.com,,6800 Main StSte 315,Downers Grove,IL,60515,ContactedNatural,Cityview Dental Arts,3.5,(773) 278-0600,http://yelp.com/biz/cityview-dental-arts-chicago?osq=plastic+surgery,http://cityviewdental.com,,2232 W Armitage Ave,Chicago,IL,60647,Natural,"Ronjon Paul, MD",4,(630) 967-2225,http://yelp.com/biz/ronjon-paul-md-lombard?osq=plastic+surgery,http://dupagemedicalgroup.comour-physicians/P-Ronjon-Paul,,"Dupage Medical Group1801 S Highland Ave, Ste 110",Lombard,IL,60148,Natural,ORA Dental Studio,4.5,(773) 227-6721,http://yelp.com/biz/ora-dental-studio-chicago-10?osq=plastic+surgery,http://www.oradentalstudio.com,,1854 W Division St,Chicago,IL,60622,Natural,Anna George Hair Salon,2.5,(312) 856-0252,http://yelp.com/biz/anna-george-hair-salon-chicago?osq=plastic+surgery,http://www.annageorgesalon.com,,233 N Michigan Ave,Chicago,IL,60601,Natural,Smile On Dental Salon & Sleep Apnea Center,5,(773) 525-5545,http://yelp.com/biz/smile-on-dental-salon-and-sleep-apnea-center-chicago?osq=plastic+surgery,http://www.smileonchicago.com,,1350 W Belmont AveSte 1,Chicago,IL,60657,Natural,"Howard S Kotler, MD, FACS",4,(312) 567-2002,http://yelp.com/biz/howard-s-kotler-md-facs-chicago?osq=plastic+surgery,http://www.entchicago.com,,ENT Center at Mercy Hospital2525 S Michigan Ave - 1st Fl,Chicago,IL,60616,Natural,ChiTown _ÍŒæTattoo Body Piercing,3.5,(773) 283-8696,http://yelp.com/biz/chitown-tattoo-body-piercing-chicago?osq=plastic+surgery,http://www.chitowntattoo.com,,5056 W Lawrence Ave,Chicago,IL,60630,Natural,Look Nails,3,(773) 772-8298,http://yelp.com/biz/look-nails-chicago?osq=plastic+surgery,http://www.chicagolooknails.com,,2640 N Milwaukee Ave,Chicago,IL,60647,Natural,Evanston Dental Care,5,(847) 864-6951,http://yelp.com/biz/evanston-dental-care-evanston?osq=plastic+surgery,http://www.evanstondc.com,,1560 Sherman AveSte 520,Evanston,IL,60201,Natural,Northwestern Medical Faculty Foundation,2,(312) 695-8106,http://yelp.com/biz/northwestern-medical-faculty-foundation-chicago-4?osq=plastic+surgery,http://www.nmff.org,,676 N St Clair St,Chicago,IL,60611,Natural,Barrington Dental Wellness Center,4,(847) 842-2410,http://yelp.com/biz/barrington-dental-wellness-center-barrington?osq=plastic+surgery,http://www.barringtondentalwellnesscenter.com,,1531 S GROVE AVE S 106,Barrington,IL,60010,Natural,Lisle Dental Center,3.5,(630) 360-9020,http://yelp.com/biz/lisle-dental-center-lisle?osq=plastic+surgery,http://www.lisledentalcenter.com,,4712 Main St,Lisle,IL,60532,Natural,Glenbrook Oral & Maxillofacial Surgery,4,(847) 998-8959,http://yelp.com/biz/glenbrook-oral-and-maxillofacial-surgery-glenview?osq=plastic+surgery,http://www.omfsurg.com,,3633 W Lake Ave,Glenview,IL,60026,Natural,Northwestern Memorial Hospital Emergency Room,3,(312) 926-2000,http://yelp.com/biz/northwestern-memorial-hospital-emergency-room-chicago?osq=plastic+surgery,http://www.nmh.org,,250 E Erie St,Chicago,IL,60686,Ad,Elite Performance Chiropractic,5,(312) 573-1800,http://www.yelp.com/biz/elite-performance-chiropractic-chicago,http://www.eliteperformancechicago.com,,750 N OrleansSuite 303,Chicago,IL,60654,Natural,XSport Fitness,3,(847) 329-9100,http://yelp.com/biz/xsport-fitness-skokie?osq=plastic+surgery,http://www.xsportfitness.com,,3450 W Touhy Ave,Skokie,IL,60076,Natural,Modern Dental on Division,4,(773) 489-5700,http://yelp.com/biz/modern-dental-on-division-chicago?osq=plastic+surgery,http://moderndentalchicago.com,,2033 W Division St,Chicago,IL,60622,Natural,Heavenly Massage & Spa,3.5,(847) 891-6314,http://yelp.com/biz/heavenly-massage-and-spa-schaumburg?osq=plastic+surgery,http://www.heavenlymassage.com,,351 S Barrington Rd,Schaumburg,IL,60193,Natural,Madry Plastic Surgery,N/A,(847) 382-9902,http://yelp.com/biz/madry-plastic-surgery-elk-grove?osq=plastic+surgery,http://www.drmadryplasticandreconstructive.com,,810 Biesterfield RdSte 308,Elk Grove,IL,60007,ContactedNatural,Webster Dental Care,3.5,(773) 528-8900,http://yelp.com/biz/webster-dental-care-chicago-4?osq=plastic+surgery,http://www.webdentalchicago.com,,2829 N Lincoln Ave,Chicago,IL,60657,Natural,Sparrow Dental,5,(773) 525-2920,http://yelp.com/biz/sparrow-dental-chicago?osq=plastic+surgery,http://www.sparrowdental.com,,2920 N Ashland Ave,Chicago,IL,60657,Natural,Cornerstone Dental Care,3.5,(773) 584-1622,http://yelp.com/biz/cornerstone-dental-care-chicago?osq=plastic+surgery,http://cornerstonedentalcares.com,,5324 N Elston Ave,Chicago,IL,60630,Natural,Ren Spa Salon Studio,2,(773) 896-5999,http://yelp.com/biz/ren-spa-salon-studio-chicago?osq=plastic+surgery,http://www.renspasalonstudio.com,,1859 N Elston Ave,Chicago,IL,60642,Ad,Chicago Nasal & Sinus Center,4,(312) 372-9355,http://www.yelp.com/biz/chicago-nasal-and-sinus-center-chicago,http://www.chicagonasalsinuscenter.com,,111 W Washington StSte 903,Chicago,IL,60602,Natural,America___‰ä‹¢s Best Contacts & Eyeglasses,2.5,(773) 394-7029,http://yelp.com/biz/americas-best-contacts-and-eyeglasses-chicago-4?osq=plastic+surgery,http://www.americasbest.com?utm_source=yelp,,2663 N Elston Ave,Chicago,IL,60647,Natural,Sage Community Health Collective,5,(312) 582-4458,http://yelp.com/biz/sage-community-health-collective-chicago-2?osq=plastic+surgery,http://sagecommunityhealth.org,,2514 W Armitage AveSte 205,Chicago,IL,60647,Natural,Lakeview Immediate Care,3.5,(773) 227-3669,http://yelp.com/biz/lakeview-immediate-care-chicago?osq=plastic+surgery,http://www.lakeviewimmediatecare.com,,1645 A W School St,Chicago,IL,60657,Natural,"Richard L Persino, MD FACOG",3.5,(815) 459-1212,http://yelp.com/biz/richard-l-persino-md-facog-crystal-lake-2?osq=plastic+surgery,http://mercyhealthsystem.orgphysician/richard-l-persino-md-facog/,,750 E Terra Cotta Ave,Crystal Lake,IL,60014,Natural,Raby Institute for Integrative Medicine,3,(312) 276-1212,http://yelp.com/biz/raby-institute-for-integrative-medicine-chicago?osq=plastic+surgery,http://www.rabyinstitute.com,,500 N Michigan AveSte 2100,Chicago,IL,60611,Natural,"Douglas A Henning, MD",5,(815) 455-0850,http://yelp.com/biz/douglas-a-henning-md-crystal-lake?osq=plastic+surgery,http://mercyhealthsystem.orgphysician/douglas-a-henning-md/,,390 E Congress Pkwy,Crystal Lake,IL,60014,Natural,Jade Dragon,2,(773) 736-6960,http://yelp.com/biz/jade-dragon-chicago?osq=plastic+surgery,http://www.jadedragontattoo.com,,5331 W Belmont Ave,Chicago,IL,60641,Natural,Smiling Bright,4.5,(312) 662-1108,http://yelp.com/biz/smiling-bright-chicago-2?osq=plastic+surgery,http://www.smiling-bright.com,,3168 N Lincoln,Chicago,IL,60657,Natural,A New You Plastic Surgery & Laser Center,5,(708) 424-3999,http://yelp.com/biz/a-new-you-plastic-surgery-and-laser-center-oak-lawn?osq=plastic+surgery,http://www.anewyou.net,,4944 W 95th St,Oak Lawn,IL,60453,ContactedAd,Hearing Lab,N/A,(773) 697-3983,http://www.yelp.com/biz/hearing-lab-chicago-2,http://www.hearinglab.com,,2844 N Sheridan,Chicago,IL,60657,Natural,"Suburban Ear, Nose & Throat Associates",3,(847) 259-2530,http://yelp.com/biz/suburban-ear-nose-and-throat-associates-arlington-heights?osq=plastic+surgery,http://www.subent.com,,880 W Central RdSte 7200,Arlington Heights,IL,60005,Natural,"Dangles J George, MD",N/A,(708) 274-8700,http://yelp.com/biz/dangles-j-george-md-palos-heights?osq=plastic+surgery,http://www.danglesmd.com,,11845 SW HwyUnit 12,Palos Heights,IL,60463,Natural,Dean Optical,4,(312) 332-4461,http://yelp.com/biz/dean-optical-chicago-2?osq=plastic+surgery,http://www.eyecarecenterchicagoil.com,,209 S La Salle StSte 120,Chicago,IL,60604,Natural,Contacts and Specs,4,(773) 880-5400,http://yelp.com/biz/contacts-and-specs-chicago?osq=plastic+surgery,http://www.contactsandspecs.com,,3144 N Broadway St,Chicago,IL,60657,Natural,Lee Dental Clinic,5,(773) 281-7351,http://yelp.com/biz/lee-dental-clinic-chicago?osq=plastic+surgery,http://www.leedentalclinic.com,,3811 N Broadway St,Chicago,IL,60613,Natural,"Razdolsky Yan, DDS",4,(847) 215-7554,http://yelp.com/biz/razdolsky-yan-dds-buffalo-grove?osq=plastic+surgery,http://www.razdolsky.com,,600 W Lake Cook RdSte 150,Buffalo Grove,IL,60089,Natural,Galter LifeCenter,4,(773) 878-9936,http://yelp.com/biz/galter-lifecenter-chicago-2?osq=plastic+surgery,http://www.galterlifecenter.org,,5157 N Francisco Ave,Chicago,IL,60625,Natural,Dental Specialists of Niles,1,(847) 685-6686,http://yelp.com/biz/dental-specialists-of-niles-niles-3?osq=plastic+surgery,http://www.dentalspecialistsofniles.com,,8216 W Oakton St,Niles,IL,60714,Natural,Michigan Avenue Dental Associates,2,(312) 922-9595,http://yelp.com/biz/michigan-avenue-dental-associates-chicago-2?osq=plastic+surgery,http://www.madachicago.com,,122 S Michigan AveSte 1212,Chicago,IL,60603,Ad,MVP Chiropractic,5,(312) 912-7512,http://www.yelp.com/biz/mvp-chiropractic-chicago,http://mvpchiro.com,,401 W Ontario StSte 150,Chicago,IL,60654,Ad,Fox Valley Vein Centers,5,(815) 786-3222,http://www.yelp.com/biz/fox-valley-vein-centers-sandwich,http://www.foxvalleyveincenters.com,,831 E Sandhurst Dr,Sandwich,IL,60548,ContactedNatural,Physical Therapy Renaissance,N/A,(630) 850-7565,http://yelp.com/biz/physical-therapy-renaissance-hinsdale?osq=plastic+surgery,http://www.ptrenaissance.com,,911 N Elm StSte 308,Hinsdale,IL,60521,Natural,"Vic Khanna, MD",4.5,(847) 458-7546,http://yelp.com/biz/vic-khanna-md-algonquin-2?osq=plastic+surgery,http://www.dermspecialistsil.com,,2430 Esplanade Dr,Algonquin,IL,60102,ContactedNatural,"Monica Gavran, MD",5,(815) 337-7100,http://yelp.com/biz/monica-gavran-md-woodstock?osq=plastic+surgery,http://mercyhealthsystem.orgphysician/monica-gavran-md/,,2000 Lake Ave,Woodstock,IL,60098,Natural,"Mykola Lisowsky, DPM",5,(815) 337-7100,http://yelp.com/biz/mykola-lisowsky-dpm-woodstock?osq=plastic+surgery,http://mercyhealthsystem.org,,2000 Lake Ave,Woodstock,IL,60098,Natural,"Patrick E Phelan, MD",5,(815) 337-7100,http://yelp.com/biz/patrick-e-phelan-md-woodstock?osq=plastic+surgery,http://mercyhealthsystem.orgphysician/patrick-e-phelan-md/,,2000 Lake Ave,Woodstock,IL,60098,Natural,Elite Dental Care,4,(630) 968-8439,http://yelp.com/biz/elite-dental-care-downers-grove?osq=plastic+surgery,http://www.smilesbyelite.com,,4121 Fairview AveSte 205,Downers Grove,IL,60515,Natural,Epstein Robert MD Ophthalmology,N/A,(847) 827-3937,http://yelp.com/biz/eptein-robert-l-md-niles?osq=plastic+surgery,http://www.mercyhealthsystem.org,,8780 W Golf Rd Ste 304,Niles,IL,60714,Natural,Peterson Urgent Care Center And OCM,2.5,(773) 508-9300,http://yelp.com/biz/peterson-urgent-care-center-and-ocm-chicago?osq=plastic+surgery,http://www.petersonsurgerycenter.com,,2320 W Peterson Ave,Chicago,IL,60659,ContactedNatural,"Mark Banakis, DDS",N/A,(847) 882-9448,http://yelp.com/biz/mark-banakis-dds-schaumburg?osq=plastic+surgery,http://www.schaumburgoms.com,,650 E Higgins RdSte 2 N,Schaumburg,IL,60173,ContactedNatural,Manus Northwestern Oral Health Center,2.5,(312) 274-3333,http://yelp.com/biz/manus-northwestern-oral-health-center-chicago-2?osq=plastic+surgery,http://www.manusdental.com,,676 N Michigan AveSte 3500,Chicago,IL,60611,Natural,"Denise McNatt, MHS, PA-C",N/A,(847) 381-3000,http://yelp.com/biz/denise-mcnatt-mhs-pa-c-barrington-4?osq=plastic+surgery,http://mercyhealthsystem.orglocation/mercy-barrington-medical-center/,,500 W Hwy 22,Barrington,IL,60010,Natural,"Dubravec Dominik, DDS, MMSc",N/A,(815) 464-3001,http://yelp.com/biz/dubravec-dominik-dds-mmsc-frankfort?osq=plastic+surgery,http://www.periodontalspecialty.com,,20635 Abbey Woods Ct NSte 203,Frankfort,IL,60423,Natural,Delnor Hospital,2.5,(630) 208-3000,http://yelp.com/biz/delnor-hospital-geneva?osq=plastic+surgery,http://www.cadencehealth.org,,300 Randall Road,Geneva,IL,60134,Natural,"Javed Bangash, MD",N/A,(847) 742-9698,http://yelp.com/biz/javed-bangash-md-elgin?osq=plastic+surgery,http://mercyhealthsystem.orgphysician/javed-bangash-md/,,2050 Larkin Ave,Elgin,IL,60123,Natural,Mercy Women___‰ä‹¢s Healthcare Center-Elgin,N/A,(847) 931-1813,http://yelp.com/biz/mercy-womens-healthcare-center-elgin-elgin-2?osq=plastic+surgery,http://www.mercyhealthsystem.orgbody.cfm?xyzpdqabc=0,,750 Fletcher Dr Ste 206,Elgin,IL,60123,Natural,"Preeti Vemuri, MD",N/A,(815) 455-0850,http://yelp.com/biz/preeti-vemuri-md-crystal-lake?osq=plastic+surgery,http://mercyhealthsystem.orgphysician/preeti-vemuri-md/,,390 E Congress Pkwy,Crystal Lake,IL,60014,Ad,Bare Tattoo Removal,5,(872) 215-1746,http://www.yelp.com/biz/bare-tattoo-removal-chicago,http://www.baretattooremoval.com,,220 W Huron StreetSuite 2003,Chicago,IL,60654,ContactedNatural,"Randy S Wittman, MD, FACOG",1,(815) 459-1212,http://yelp.com/biz/randy-s-wittman-md-facog-crystal-lake?osq=plastic+surgery,http://mercyhealthsystem.orgphysician/randy-s-wittman-md-facog/,,750 E Terra Cotta AveSte B,Crystal Lake,IL,60014,Natural,"Timothy Rusthoven, DPM",N/A,(815) 356-7494,http://yelp.com/biz/timothy-rusthoven-dpm-crystal-lake?osq=plastic+surgery,http://mercyhealthsystem.orgphysician/timothy-rusthoven-dpm/,,415A E Congress Pkwy,Crystal Lake,IL,60014,Natural,"Machelle Dopkins, AuD",N/A,(815) 356-2061,http://yelp.com/biz/machelle-dopkins-aud-crystal-lake?osq=plastic+surgery,http://mercyhealthsystem.orgphysician/machelle-dopkins-aud/,,390 E Congress PkwySte M,Crystal Lake,IL,60014,Natural,"Pam Smekrud, AuD",N/A,(815) 356-2061,http://yelp.com/biz/pam-smekrud-aud-crystal-lake?osq=plastic+surgery,http://mercyhealthsystem.orgphysician/pam-smekrud-aud/,,390 E Congress PkwySte M,Crystal Lake,IL,60014,Natural,"Zehra Hyderi, DPM, MS",N/A,(815) 344-4499,http://yelp.com/biz/zehra-hyderi-dpm-ms-mchenry?osq=plastic+surgery,http://mercyhealthsystem.orgphysician/zehra-hyderi-dpm-ms/,,3922 Mercy Dr,McHenry,IL,60050,Natural,"Sandhya R Karna, MD",N/A,(815) 344-4499,http://yelp.com/biz/sandhya-r-karna-md-mchenry?osq=plastic+surgery,http://mercyhealthsystem.orgphysician/sandhya-r-karna-md/,,3922 Mercy Dr,McHenry,IL,60050,Natural,"Michael J Petersen, DPM, FACFAOM",N/A,(815) 344-4499,http://yelp.com/biz/michael-j-petersen-dpm-facfaom-mchenry?osq=plastic+surgery,http://mercyhealthsystem.orgphysician/michael-j-petersen-dpm-facfaom/,,3922 Mercy Dr,McHenry,IL,60050,Natural,"Virginia Luces, MD, FAAP",N/A,(847) 742-9698,http://yelp.com/biz/virginia-luces-md-faap-elgin?osq=plastic+surgery,http://mercyhealthsystem.orgphysician/virginia-luces-md/,,2050 Larkin AveSte 101,Elgin,IL,60123,Ad,LasikPlus Vision Center,4,(877) 516-7587,http://www.yelp.com/biz/lasikplus-vision-center-chicago-2,http://www.lasikplus.comlocation/chicago-lasik-center?encSource=12149,,939 W North AveSte 220,Chicago,IL,60642,Natural,"Jeffrey Kershaw, MD",N/A,(815) 337-7100,http://yelp.com/biz/jeffrey-kershaw-md-woodstock?osq=plastic+surgery,http://mercyhealthsystem.orgphysician/jeffrey-kershaw-md/,,2000 Lake Ave,Woodstock,IL,60098,Natural,Zaino Ricca MD OB/GYN,N/A,(815) 337-7100,http://yelp.com/biz/zaino-ricca-md-ob-gyn-woodstock-2?osq=plastic+surgery,http://mercyhealthsystem.orglocation/mercy-woodstock-medical-center/,,2000 Lake Ave,Woodstock,IL,60098,Natural,"Emily Shen, MD",N/A,(815) 356-7494,http://yelp.com/biz/emily-shen-md-crystal-lake?osq=plastic+surgery,http://mercyhealthsystem.orgphysician/emily-shen-md/,,415A E Congress Pkwy,Crystal Lake,IL,60014,Natural,"Palecek Erin ,PA-C",N/A,(815) 356-7494,http://yelp.com/biz/palecek-erin-pa-c-crystal-lake?osq=plastic+surgery,http://mercyhealthsystem.orgphysician/marko-f-krpan-do/,,415A E Congress Pkwy,Crystal Lake,IL,60014,Natural,Dave Amarish DO,N/A,(815) 477-1555,http://yelp.com/biz/dave-amarish-do-crystal-lake-2?osq=plastic+surgery,http://mercyhealthsystem.orgphysician/amarish-dave-do/,,350 E Congress Pkwy,Crystal Lake,IL,60014,Natural,"Yvonne Karney, MD",N/A,(815) 477-1555,http://yelp.com/biz/yvonne-karney-md-crystal-lake?osq=plastic+surgery,http://mercyhealthsystem.orgphysician/yvonne-karney-md/,,350 E Congress Pkwy,Crystal Lake,IL,60014,Ad,Glencoe Pediatrics,4.5,(847) 242-0700,http://www.yelp.com/biz/glencoe-pediatrics-glencoe,http://www.glencoepediatrics.org,,659 Vernon Ave,Glencoe,IL,60022,Natural,Rhee Jung M MD,N/A,(815) 363-2020,http://yelp.com/biz/rhee-jung-m-md-mchenry?osq=plastic+surgery,http://mercyhealthsystem.orglocation/mercy-center-for-corrective-eye-mchenry/,,5400 W Elm StSte 120,McHenry,IL,60050,Natural,"Syed O Hassan, MD",N/A,(815) 344-4499,http://yelp.com/biz/syed-o-hassan-md-mchenry?osq=plastic+surgery,http://mercyhealthsystem.orgphysician/syed-o-hassan-md/,,Mercy McHenry Medical Center3922 Mercy Dr,McHenry,IL,60050,Ad,Advanced Urgent Care 24-HR,4.5,(708) 448-8913,http://www.yelp.com/biz/advanced-urgent-care-24-hr-orland-park,http://www.24advancedcare.com,,10 Orland Square DrSte A,Orland Park,IL,60462,Natural,"Patrick Flanagan, CO, FAAOP",N/A,(815) 337-7100,http://yelp.com/biz/patrick-flanagan-co-faaop-woodstock?osq=plastic+surgery,http://mercyhealthsystem.orgphysician/patrick-flanagan-co-faaop/,,2000 Lake Ave,Woodstock,IL,60098,Natural,"My Linn Sawyer, MD",N/A,(815) 337-7100,http://yelp.com/biz/my-linn-sawyer-md-woodstock?osq=plastic+surgery,http://mercyhealthsystem.orgphysician/my-linn-sawyer-md-mph/,,2000 Lake Ave,Woodstock,IL,60098,Natural,"Tamparong Naomi, NP-C",N/A,(815) 337-7100,http://yelp.com/biz/tamparong-naomi-np-c-crystal-lake?osq=plastic+surgery,http://mercyhealthsystem.orgphysician/naomi-tamparong-np-c/,,Mercy Woodstock Medical Center415A E Congress Pkwy,Crystal Lake,IL,60014,Ad,AgeLess Medical,N/A,(219) 765-4720,http://www.yelp.com/biz/ageless-medical-schererville,http://indianaweightsolutions.com,,41 US Hwy 41,Schererville,IN,46375,Natural,"Chester S Handelman, DMD",3.5,(312) 255-1933,http://yelp.com/biz/chester-s-handelman-dmd-chicago?osq=plastic+surgery,http://handelmanorthodontics.com,,737 N Michigan AveSte 1330,Chicago,IL,60611,Natural,"Richard O Cook, MD",N/A,(815) 337-7100,http://yelp.com/biz/richard-o-cook-md-woodstock?osq=plastic+surgery,http://www.mercyhealthsystem.orgphysician/richard-o-cook-md/,,Mercy Health System2000 Lake Ave,Woodstock,IL,60098,Natural,"Bibiano C. Ronquillo III, MD",N/A,(815) 337-7100,http://yelp.com/biz/bibiano-c-ronquillo-iii-md-woodstock?osq=plastic+surgery,http://mercyhealthsystem.orgphysician/bibiano-c-ronquillo-iii-md/,,2000 Lake Ave,Woodstock,IL,60098,Natural,Mercy Regional Eye Centers,N/A,(888) 983-7100,http://yelp.com/biz/mercy-regional-eye-centers-woodstock?osq=plastic+surgery,http://www.mercyeye.com,,2000 Lake Ave,Woodstock,IL,60098,Natural,"Aisha Mirza, MD",N/A,(815) 337-7100,http://yelp.com/biz/aisha-mirza-md-woodstock?osq=plastic+surgery,http://mercyhealthsystem.orgphysician/aisha-mirza-md/,,2000 Lake Ave,Woodstock,IL,60098,Natural,"Favia Julie, MD",N/A,(815) 337-7100,http://yelp.com/biz/favia-julie-md-woodstock?osq=plastic+surgery,http://mercyhealthsystem.orgphysician/julie-r-favia-md/,,Mercy Health System Mercy Health System2000 Lake Ave,Woodstock,IL,60098,Ad,"Richard Berger, MD",3.5,(312) 432-2343,http://www.yelp.com/biz/richard-berger-md-chicago,http://www.outpatienthipandknee.com,,1611 W Harrison StSuite 400,Chicago,IL,60612,Ad,Chiro-Med Health & Wellness Center,5,(708) 403-2727,http://www.yelp.com/biz/chiro-med-health-and-wellness-center-orland-park,http://www.chiromedhealth.net,,9441 W 144th Pl,Orland Park,IL,60462,Natural,Weiner Optical,3.5,(708) 848-4040,http://yelp.com/biz/weiner-optical-oak-park?osq=plastic+surgery,http://www.weineroptical.com,,1100 W Lake St,Oak Park,IL,60301,Natural,North Elston Immediate & Primary Care,3,(773) 754-3500,http://yelp.com/biz/north-elston-immediate-and-primary-care-chicago?osq=plastic+surgery,http://northelstonimmediateandprimarycare.com,,4332 N Elston Ave,Chicago,IL,60641,Natural,Carillon Family Dental,4,(815) 372-1160,http://yelp.com/biz/carillon-family-dental-romeoville?osq=plastic+surgery,http://www.carillondental.com,,450 N Weber Rd,Romeoville,IL,60446,Natural,Heartland Blood Centers,3.5,(630) 892-7056,http://yelp.com/biz/heartland-blood-centers-aurora-2?osq=plastic+surgery,http://www.heartlandbc.org,,1200 N Highland Ave,Aurora,IL,60506,Ad,Ravenswood Pediatrics,4,(872) 208-6257,http://www.yelp.com/biz/ravenswood-pediatrics-chicago,http://ravenswoodpediatrics.com,,1945 W Wilson AveOffice 6110,Chicago,IL,60640,Natural,Midwest Center For Women___‰ä‹¢s Healthcare,2,(847) 741-7990,http://yelp.com/biz/midwest-center-for-womens-healthcare-elgin-2?osq=plastic+surgery,http://www.mcwhc.comlocations/office.aspx?OfficeId=26,,1435 N Randall RdSte 309,Elgin,IL,60123,Natural,Lexington Health Care,1,(708) 425-1100,http://yelp.com/biz/lexington-health-care-chicago-ridge?osq=plastic+surgery,http://www.lexingtonhealth.com,,10300 SW Hwy,Chicago Ridge,IL,60415,